datetime_id,month_date,m_loans_advances_bank_excfin_lca,m_loans_advances_bank_lca,m_loans_advances_nbfi_excfin_lca,m_loans_advances_nbfi_lca,m_loans_advances_afi_excfin_lca,m_loans_advances_afi_lca,m_nonfin_issue_bills_lca,m_issue_bills_lca,m_narrow_c_excfin_lca,mseadj_narrow_c_excfin_lca,m_narrow_c_lca,mseadj_narrow_c_lca,m_total_c_excfin_lca,mseadj_total_c_excfin_lca,m_total_c_lca,mseadj_total_c_lca,m_owner_housing_lca,mseadj_owner_housing_lca,m_investor_c_lca,mseadj_investor_c_lca,m_personal_c_lca,mseadj_personal_c_lca,m_nonfin_business_c_lca,mseadj_nonfin_business_lca,m_business_lca,mseadj_business_lca,m_govsector_lending_afi_lca,m_house_loan_switch_lca,m_total_incselectfin_business_lca,mseadj_total_incselectfin_business_lca,m_business_incselectfin_lca,mseadj_business_incselectfin_lca
1,2003-01-31,627,626.8,112.2,124,739.2,750.7,74.5,76.7,812,814.4,827.5,828,905.8,908.4,916.6,918.6,313,312.5,143.9,143.7,86.9,87.2,341.2,341.5,372.8,375.1,32.6,,,,,
2,2003-02-28,627,635.5,112.2,123.9,739.2,759.4,74.5,76.2,812,814.4,835.7,837.1,905.8,908.4,925.4,926.7,316.1,316.2,146.4,146.2,88.1,88.2,341.2,341.5,374.7,376.3,36.9,,,,,
3,2003-03-31,627,641.8,112.2,126.5,739.2,768.3,74.5,76.3,812,814.4,844.6,845.9,905.8,908.4,939,939.2,319.6,320.3,149.6,150,90,90.3,341.2,341.5,379.8,379.4,30.4,,,,,
4,2003-04-30,627,650.2,112.2,118.1,739.2,768.3,74.5,76.5,812,814.4,844.8,847.3,905.8,908.4,939.5,941.5,326.5,327.5,148.6,149.2,89.5,89.7,341.2,341.5,375,375.2,27.3,,,,,
5,2003-05-31,635.4,657.7,111.5,117.7,746.8,775.3,74.5,76.5,819.5,821,851.8,851.9,913.9,915.9,947.3,947.7,330.6,331.1,151.9,152.8,90.4,90.5,341,341.8,374.4,373.3,30.8,,,,,
6,2003-06-30,645.4,669.1,111.7,117.2,757.2,786.3,74.7,76.8,830.7,829.7,863.1,860.7,929.1,927.2,962.4,960,336.2,336.4,156.4,156.3,91.6,91.2,344.9,344.3,378.2,376.4,30.1,,,,,
7,2003-07-31,651.4,663.1,112,117.8,763.4,780.9,75.4,77.6,836.8,838.3,858.5,859.6,936.5,938.5,959.2,960.3,340.7,340.6,159.8,159.6,92.7,92.6,343.3,344.8,365.9,367.3,30.7,,,,,
8,2003-08-31,658.9,671.1,112.5,117.9,771.4,789,75.7,78,845.7,844.6,867,867.5,947.4,945.3,969.5,970.3,344.8,344.7,163.3,163.2,93.3,93.2,346,345.7,368.1,369.2,27.5,,,,,
9,2003-09-30,666.6,679.1,112.5,118.1,779.1,797.2,75.9,78.3,852.9,855.3,875.5,876.7,959.3,960.1,982.8,982.3,349.8,349.6,167.7,167.4,94.5,94.5,347.2,348,370.7,370.5,23.8,,,,,
10,2003-10-31,677.8,689.5,111.8,118.2,789.6,807.7,77.2,79.5,865.3,864.2,887.1,885.8,973.6,971.9,996.6,994.7,353.7,353.5,172,171.6,95.5,95.5,352.5,351,375.4,373.8,23.4,,,,,
11,2003-11-30,688.7,700.9,112.6,117.2,801.3,818.1,77.3,79.7,876.9,873.6,897.8,895.5,987.1,983,1008.8,1006.7,359.3,358.8,175.5,175.2,96.2,95.9,356.2,354.3,377.9,376.9,23.4,,,,,
12,2003-12-31,699.2,712.4,109.8,114.2,809,826.6,78.3,80.6,886,882.5,907.2,904.3,998.8,995.7,1020.9,1019.4,364.9,364,179.2,179,96.6,96.2,358.1,357.2,380.2,379.8,20.2,,,,,
13,2004-01-31,705.8,719.6,108.6,112.2,814.4,831.8,77.8,80.2,890.2,888.7,912,911.4,1006.7,1007.5,1029.1,1030.5,369.3,368.7,182.3,182.1,96.8,97.1,358.2,359.5,380.7,382.3,20.8,,,,,
14,2004-02-29,708.5,721.5,109.2,112.7,817.7,834.2,77.9,80.3,893.4,893.6,914.5,915.7,1014.6,1018.3,1036.4,1037.6,373.3,373.5,185.4,185.2,98.3,98.3,357.6,357.7,379.4,380.5,21.1,,,,,
15,2004-03-31,713.4,724.9,111.9,115.1,825.3,840,79,81.6,902.4,905.9,921.7,923.6,1030.5,1034.2,1050.3,1051,381.1,382.1,189,189.5,98.4,98.8,362,362.5,381.8,381.7,18.8,,,,,
16,2004-04-30,724.7,736,110.1,113.5,834.8,849.5,79.3,81.9,912.7,915.4,931.4,933.7,1041.2,1044.1,1060.5,1062.8,385.6,386.7,191.9,192.7,98.9,99.3,364.9,365.1,384.2,384.2,14.3,,,,,
17,2004-05-31,734.3,745.8,111.6,115.1,845.9,860.9,79.7,82.1,923.5,925.3,943,943.4,1052.6,1054.3,1072.7,1073.5,390.5,391,195,196.1,99.4,99.6,367.7,368.5,387.8,387,14.8,,,,,
18,2004-06-30,745,757.1,111.8,115.2,856.9,872.2,80.8,83.2,935.6,934.5,955.4,953.7,1068.9,1067.4,1089.4,1087,394,393.9,200.5,200,101,100.7,373.5,373,393.9,392.7,17,,,,,
19,2004-07-31,751.1,763.5,111.1,114.9,862.2,878.4,80.7,83.1,941,942.7,961.5,963.6,1077.2,1078.8,1098.4,1100.3,398.9,398.8,203.2,202.9,101.5,101.5,373.5,375.2,394.7,396.7,17.3,,,,,
20,2004-08-31,761.1,773.5,112.5,115.7,873.6,889.2,81.7,84,952.8,951.6,973.2,973.4,1090.9,1088.9,1112,1112.5,403.8,403.8,205.4,205.3,102.3,101.9,379.4,379.2,400.5,401.6,17.4,,,,,
21,2004-09-30,759.7,772.5,113.8,117.4,873.5,890,82.3,84.8,954,956.6,974.8,976.7,1100.4,1101.2,1121.9,1121.9,408.2,407.8,208.8,208.4,102.9,102.9,380.6,381.5,402,402.5,17.1,,,,,
22,2004-10-31,770.6,783.8,116.3,120.6,887,904.5,82.6,85.2,967.3,966.3,989.6,988.6,1115.3,1113,1138.5,1136.6,413.8,413.5,211.1,210.8,104.4,104.2,386.1,384.6,409.2,407.8,18.7,,,,,
23,2004-11-30,779,793.1,117.2,121.1,896.2,914.2,83.2,85.8,977.1,973.4,1000,996.9,1127.4,1123.5,1151,1148,419.8,419.3,213.5,213.2,105.8,105.4,388.2,386,411.8,410.2,18.6,,,,,
24,2004-12-31,784,801.5,118.3,122.3,902.3,923.8,84.2,86.8,984.8,980.9,1010.6,1006.6,1138.6,1135.5,1165.2,1162.5,426,425,216.3,216,107.5,107.1,388.9,387.8,415.5,414.3,20.5,,,,,
25,2005-01-31,792.4,807.2,120.2,124.3,912.7,931.5,83.6,86.1,993.3,991.5,1017.5,1015.7,1156.5,1157,1181.4,1182.2,436.6,436.1,221.3,221.2,107.8,108.2,390.7,391.9,415.6,416.6,23.4,,,,,
26,2005-02-28,794.9,809.5,120.7,125.1,915.6,934.7,84.6,87.2,998.1,998.2,1021.8,1022.5,1163.8,1164.1,1188.3,1189.5,436.1,436.5,221.9,222,109,109,396.7,396.7,421.3,421.9,18.4,,,,,
27,2005-03-31,799.3,815.5,122.2,125.8,921.5,941.2,85.7,88.3,1005.1,1008.7,1029.5,1032.2,1168.2,1172,1193.2,1194.6,436.9,438,222.2,222.8,109.6,110.3,399.5,400,424.5,424.6,16,,,,,
28,2005-04-30,808.9,825.6,123.9,127.9,932.9,953.5,86.5,89.1,1017.4,1020.3,1042.6,1044.9,1180.6,1183.6,1206.5,1209.3,441.8,443.1,224.1,225.1,110.5,111.1,404.2,404.4,430.1,430.1,17.3,,,,,
29,2005-05-31,819.6,835.8,124.8,128.2,944.4,964,87.9,90.6,1030,1032.2,1054.6,1056,1195.1,1197.5,1220.3,1222.2,447.1,447.7,226.1,227.1,111.4,111.7,410.4,411.2,435.6,435.5,17.6,,,,,
30,2005-06-30,828.7,844.9,125.9,129.9,954.6,974.8,88.4,91.4,1040.3,1038.9,1066.2,1065.3,1208.5,1206.9,1235.3,1233.3,453.1,452.7,228.9,228,113.3,112.9,413.2,413.1,440,439.5,18.3,,,,,
31,2005-07-31,834.3,850.1,126.7,131,961,981.1,88.6,91.7,1047.5,1049.7,1072.9,1075.8,1216.4,1217.8,1242.7,1245.1,456.3,456,230.4,229.8,113.9,113.8,415.9,417.8,442.1,444.7,15.6,,,,,
32,2005-08-31,847.8,864,129.1,133.5,976.9,997.5,90.4,93.4,1064.3,1063.2,1090.9,1090.7,1233.4,1231.5,1260.9,1260.5,460.9,460.7,232.1,232,116.4,115.9,424,424,451.5,452.4,12.3,,,,,
33,2005-09-30,852.9,869.4,130.6,135.1,983.5,1004.5,91.5,94.7,1071.3,1074,1099.2,1101.8,1244.1,1244.7,1272.9,1273.3,465.6,465,233.6,233.4,116.9,116.9,428,429,456.7,457.9,14.7,,,,,
34,2005-10-31,865.4,881.9,132.4,137.3,997.8,1019.3,92.7,95.8,1087.4,1086.5,1115.1,1114.3,1260.8,1258.5,1289.4,1287.4,471.4,471,235.9,235.7,117.7,117.6,435.8,434.2,464.4,463,13.5,,,,,
35,2005-11-30,876.5,894.4,133.3,138.1,1009.8,1032.5,94.2,97.2,1101.4,1097.1,1129.7,1125.7,1276.1,1271.6,1305.3,1301.4,477.3,476.7,238.4,238.1,118.7,118.3,441.8,438.9,471,468.5,14.3,,,,,
36,2005-12-31,887,906.4,134,138.4,1021,1044.8,95.7,98.8,1114.1,1109.7,1143.6,1138.6,1290.9,1287.6,1321.3,1317.8,483.8,483,239.9,239.5,119.2,118.7,448,446.8,478.3,476.4,15,,,,,
37,2006-01-31,895.5,916.1,134.7,139.3,1030.2,1055.5,96,99.1,1123.2,1121.1,1154.6,1151.7,1299.3,1300.2,1331.6,1331.7,488.6,488.4,241.5,241.3,119.4,119.7,449.9,451,482.1,482.4,14.2,,,,,
38,2006-02-28,908.3,929.6,133.5,138.3,1041.7,1067.9,96.5,99.7,1135.2,1135,1167.6,1167.5,1313.8,1314.2,1347.1,1347.9,493.6,494.3,243.3,243.5,120.5,120.5,456.4,456.3,489.7,489.5,16,,,,,
39,2006-03-31,913.1,934.6,133.7,138.7,1046.9,1073.3,97.5,100.8,1141.1,1144.6,1174.1,1177.1,1327.3,1331.3,1361.2,1363.4,498.4,499.8,244.9,245.6,120.8,121.8,463.2,463.6,497.1,497.3,16,,,,,
40,2006-04-30,924.2,946.3,134.1,139.4,1058.4,1085.7,98.8,102.1,1152.6,1155.6,1187.7,1190.2,1342.9,1346.1,1379.1,1382.6,504,505.6,247.6,248.6,121.9,122.6,469.5,469.6,505.6,505.7,14.4,,,,,
41,2006-05-31,933.5,956.4,134.8,140.2,1068.3,1096.6,100.2,103.5,1164.9,1167.7,1200.1,1202.9,1360.7,1364,1396.8,1400.1,510.9,511.7,251.7,252.6,122.9,123.2,475.2,476.3,511.3,512.3,11.5,,,,,
42,2006-06-30,943.7,967.2,135.5,142,1079.3,1109.2,101.7,105.1,1177,1175.6,1214.3,1214.1,1378.1,1376.2,1416.5,1414.6,519.3,518.3,255.4,254.2,124.8,124.2,478.5,478.8,516.9,517.5,12.1,,,,,
43,2006-07-31,954.8,978.3,136.8,143.2,1091.7,1121.6,103.2,106.5,1191.5,1194.2,1228.1,1232,1392.5,1393.7,1430.8,1433.8,526.7,526,257.2,256.4,125.2,125.1,483.3,485.7,521.7,525.1,12.7,,,,,
44,2006-08-31,963.8,987.5,140.6,145.7,1104.4,1133.3,104.8,108.3,1206.2,1205.2,1241.6,1240.8,1411.8,1409.5,1448.9,1447.3,533.5,532.8,259.9,259.9,129.3,128.7,489,489.1,526.1,526.6,15.6,,,,,
45,2006-09-30,970.5,994.4,140.9,145.9,1111.4,1140.3,106.6,110.2,1214.8,1217.5,1250.5,1253.4,1423.7,1423.9,1461.2,1461.9,544.1,543.1,254.9,255,131.1,131.2,493.6,494.8,531.1,532.7,15.6,,,,,
46,2006-10-31,980.7,1006,141.7,146.4,1122.3,1152.4,108.5,112.2,1228.6,1228,1264.6,1264.1,1440.9,1439.1,1478.6,1476.8,549.8,549.2,256.8,256.9,131.5,131.5,502.7,501.1,540.5,539.1,15,,,,,
47,2006-11-30,992.7,1018.3,146.1,150.9,1138.8,1169.3,110.1,113.8,1245.3,1240.5,1283,1277.8,1458.4,1453.3,1498,1492.6,555.2,554.7,258.5,258.3,133,132.6,511.8,508.1,551.3,547.5,16.2,,,,,
48,2006-12-31,999.4,1026.3,149.6,155.2,1149,1181.4,111.6,115.3,1257.4,1252.6,1296.7,1291.1,1469.6,1466.1,1510.9,1506.7,559.7,559.2,259.9,259.5,134.3,133.9,515.7,514.1,556.9,554.2,17.2,,,,,
49,2007-01-31,1011.1,1038.8,149.3,154.8,1160.4,1193.6,111.8,115.5,1269.3,1267.3,1309,1305.6,1481.1,1482.5,1522.8,1522.6,564.2,564.6,261.4,261.2,135.2,135.5,520.3,521.1,562,561.5,18.3,,,,,
50,2007-02-28,1021.2,1048.5,150,155.6,1171.2,1204.1,112.8,116.5,1280,1279.6,1320.6,1319.7,1499.8,1500.5,1542.4,1543.1,568.7,570.2,262.8,263,136.9,136.9,531.3,531.1,573.9,573,17.9,,,,,
51,2007-03-31,1030,1057.1,149.4,155.6,1179.3,1212.6,114.4,118.2,1291.2,1294.4,1330.8,1334,1517.4,1520.9,1559.1,1562,574.1,575.8,266.4,266.9,137.2,138.3,539.7,539.9,581.4,581.7,18.7,,,,,
52,2007-04-30,1044.9,1073.3,150.2,155.9,1195.1,1229.2,115.9,119.8,1308.6,1311.9,1349,1351.9,1536.4,1540.2,1578.9,1583.3,579.7,581.4,268.2,269.2,138.3,139.1,550.1,550.5,592.7,593.3,18.4,,,,,
53,2007-05-31,1046,1075.6,151,157.1,1197.1,1232.7,117.3,121.4,1312.1,1315.6,1354.1,1358.1,1556,1559.8,1600.1,1604.7,586.7,587.6,270.5,271.3,141,141.1,557.8,559.5,601.9,604.2,21.2,,,,,
54,2007-06-30,1067,1097.4,153.6,161.5,1220.6,1258.8,120.3,124.5,1338.6,1336.9,1383.4,1383.5,1588.2,1585.6,1635.5,1633.7,595.2,593.5,277.2,275.8,148.8,147.9,567,567.8,614.3,615.9,21.7,,,,,
55,2007-07-31,1075,1108.3,154.8,161.7,1229.8,1270,120.8,124.6,1346.9,1349.8,1394.6,1398.7,1598,1599.1,1648,1650.9,600,598.7,278.4,277.7,148,147.9,571.4,574.2,621.5,625.5,23.5,,,,,
56,2007-08-31,1095.4,1135.7,155.1,161.8,1250.5,1297.5,122.8,126.6,1370.1,1369,1424.1,1422.9,1621.4,1618.7,1677.8,1675.2,605.6,604.3,280.7,280.9,148.6,148.1,586.4,586.4,642.9,643,24.9,,,,,
57,2007-09-30,1111.3,1151.6,156.7,163.3,1267.9,1314.9,124.1,127.8,1388.1,1390.7,1442.8,1445.6,1638.4,1638,1695.5,1696,610.3,609,282.5,282.8,148.3,148.6,597.2,598.5,654.3,656.1,22.5,,,,,
58,2007-10-31,1129.6,1173.4,159.2,165.7,1288.8,1339.1,126.8,130.6,1411.2,1411,1469.7,1469.5,1658.5,1657.3,1719.4,1717.6,615.4,614.6,284.8,285.1,149.6,149.8,608.7,606.9,669.6,667.9,20.9,,,,,
59,2007-11-30,1163.5,1210.6,159.8,166.4,1323.3,1377,128.3,132,1447,1441.7,1509,1502.9,1685.6,1680,1750.1,1743.5,621.6,621.5,286.8,286.5,152.7,152.4,624.5,619.7,689,683.6,20,,,,,
60,2007-12-31,1180.2,1227.9,162.9,170,1343.1,1398,129.5,133.3,1464.9,1460,1531.2,1525.6,1702.1,1699,1771,1766.9,627.6,627.6,289.6,289,154.4,154.1,630.5,628.8,699.4,696.2,20.9,,,,,
61,2008-01-31,1192.5,1244.9,164.5,170.7,1357,1415.5,130.1,133.8,1480.1,1478.3,1549.4,1545.9,1714.7,1716.4,1786.3,1786.3,632.2,633.3,291.1,290.8,153.4,153.6,637.9,638.6,709.6,708.5,21.7,,,,,
62,2008-02-29,1203.7,1261.2,165.5,170.9,1369.2,1432.1,131.9,135.6,1497.1,1496.9,1567.8,1566.4,1727.7,1732.4,1800.7,1801.2,635.8,637.8,293,293.2,154.5,154.3,644.5,644.2,717.4,715.8,18.7,,,,,
63,2008-03-31,1216.4,1273.4,167,172.4,1383.4,1445.7,133.3,137.1,1512,1514.8,1582.8,1585.8,1739.2,1742.2,1812.3,1815.7,641.1,642.7,294.6,295.1,153.1,154.1,650.3,650.4,723.5,723.8,17.4,,,,,
64,2008-04-30,1229.4,1287.2,166.6,171.6,1396,1458.8,135.1,138.9,1528.4,1531.8,1597.8,1601,1750.8,1755,1822.4,1827.3,646.7,648.3,295.8,296.8,153.3,153.9,655.1,655.8,726.6,727.9,16.9,,,,,
65,2008-05-31,1241.4,1299,167.9,173,1409.3,1472,136.4,140.2,1544.1,1548.1,1612.2,1617.2,1762.6,1766.5,1832.9,1838.2,651.3,652,298.1,298.9,154.9,154.8,658.3,661,728.6,732.3,16.4,,,,,
66,2008-06-30,1266.6,1322.1,169.2,173.5,1435.8,1495.6,137.3,141.1,1570.7,1568.5,1636.7,1636.7,1785.4,1782.4,1853.5,1851.6,660.1,657.8,302.8,301.6,154.7,153.7,667.7,668.7,735.8,738.2,30.6,,,,,
67,2008-07-31,1272.5,1325.7,169.4,174,1441.9,1499.7,139,142.6,1578.6,1581.2,1642.3,1646.6,1790.6,1791.5,1856.6,1859.3,664.3,662.4,303.8,303.3,152.1,151.8,670.5,673.4,736.4,741,35.2,,,,,
68,2008-08-31,1287.6,1340.3,170.9,175.4,1458.5,1515.7,139.4,142.9,1595.9,1594.6,1658.6,1656.9,1803.6,1800.1,1868.5,1865.1,666.9,665.4,305.2,305.4,150.8,150.5,680.6,680.2,745.6,745.1,34.4,,,,,
69,2008-09-30,1301.9,1361.8,169.7,174.8,1471.6,1536.6,139.7,143.2,1608.1,1610.3,1679.8,1682.2,1813.8,1814,1887.7,1888,673.3,672.1,307.5,307.8,149.5,150,683.5,684.5,757.4,758.8,37.3,,,,,
70,2008-10-31,1320,1379.5,170.5,174.7,1490.5,1554.2,141.2,144.7,1627.5,1627.8,1699,1698.8,1828.2,1827.6,1901.8,1900.3,674.8,674.3,310.1,310.1,147.3,147.7,696,694.4,769.6,767.9,36.3,,,,,
71,2008-11-30,1330.4,1391.8,170.4,174.5,1500.8,1566.3,142.2,145.8,1638.4,1633.1,1712,1705.7,1834.6,1828.5,1910.3,1903.4,660.8,661.1,325.5,325.2,145.3,145.1,703,697.3,778.7,772.3,33.9,,,,,
72,2008-12-31,1327.8,1388.6,168.4,173,1496.2,1561.7,143.8,147.4,1636.7,1632.2,1709.1,1704.2,1829.5,1827.5,1903.9,1900.5,665.5,666,327.7,326.9,143.7,143.5,692.5,690.8,766.9,764.1,32.1,,,,,
73,2009-01-31,1335.5,1393.4,168.9,173.1,1504.3,1566.5,144.2,147.8,1645,1644.1,1714.3,1711.6,1833.5,1835.4,1904.9,1905.1,668.8,670.3,328.4,328,142.4,142.7,693.9,694.7,765.3,764.1,33.6,,,,,
74,2009-02-28,1341.6,1398.6,168.5,172.6,1510.1,1571.2,145,148.5,1653.3,1653.6,1719.7,1718.7,1835,1836.2,1903.4,1904.3,673.1,675.3,328.6,328.8,141.7,141.4,691.6,691.6,760,758.5,39.3,,,,,
75,2009-03-31,1352.3,1407.2,163.1,167.2,1515.5,1574.4,145.7,149.2,1660,1662.5,1723.7,1726.2,1837.6,1840.7,1903.2,1906.4,682.4,683.6,328.8,329.3,136.6,137.4,689.8,690,755.4,755.8,47,,,,,
76,2009-04-30,1358.4,1412.4,162.9,167.1,1521.4,1579.5,145.1,148.6,1665.5,1668.6,1728.2,1731.5,1839.4,1843.2,1904,1908.6,687.7,688.6,329.9,331.1,136.3,136.7,685.5,686.8,750.1,752,48.5,,,,,
77,2009-05-31,1364.5,1418.3,159.7,163.7,1524.2,1582,145.7,149.3,1669,1672.8,1731.2,1736,1839.1,1842.5,1903.3,1908.2,693.8,693.7,331.4,332.5,135.7,135.4,678.2,681.5,742.4,746.5,56.7,,,,,
78,2009-06-30,1378.8,1432.9,159.5,163.4,1538.2,1596.4,145,148.5,1682.5,1679.5,1744.8,1744.1,1848.7,1845.3,1912.9,1910.7,703.4,700.7,334.2,333.5,136.5,135.3,674.6,675,738.8,740.8,64.7,,,,,
79,2009-07-31,1388.6,1442.8,156,160.1,1544.6,1602.9,145,148.6,1688.2,1689.8,1751.5,1754.9,1849.7,1849.9,1913.9,1915.9,707.9,706,335.4,335,135.6,135.3,670.9,673.1,735,739,68.4,,,,,
80,2009-08-31,1405,1458.6,152.2,156.8,1557.2,1615.4,144.9,148.5,1701.5,1700.1,1763.9,1761.9,1858.8,1855.4,1922,1918.7,713.4,712,336.5,336.5,136.4,136.5,672.4,671.5,735.6,734.6,66.1,,,,,
81,2009-09-30,1407.2,1459.5,150.5,155,1557.7,1614.5,144.1,147.6,1701.3,1702.9,1762.1,1763.8,1855,1854.8,1916.7,1916.6,718.3,717.7,338.5,338.3,134.8,135.4,663.4,663.6,725.1,725.7,64,,,,,
82,2009-10-31,1418.3,1470,148,152.4,1566.3,1622.5,144.1,147.6,1709.5,1710,1770.1,1770.1,1860.3,1859.7,1921.8,1920.7,723.8,723.9,340.5,340.1,136.1,136.6,659.8,658.5,721.3,719.8,62,,,,,
83,2009-11-30,1424.7,1473.7,153.2,158.2,1577.9,1631.9,143.3,146.7,1720.6,1716.1,1778.6,1773.2,1863.4,1858.3,1922.3,1916.4,728.3,729.3,342.8,342.4,137.5,137.4,654.8,649.8,713.7,708.1,70.2,,,,,
84,2009-12-31,1438.1,1486.2,152.4,157.1,1590.5,1643.3,141.6,145,1731,1727.7,1788.2,1784.9,1872.3,1871,1930.5,1928.3,734.3,735.2,345.3,344.4,138.2,138.1,654.4,653.3,712.6,710.8,69.7,,,,,
85,2010-01-31,1444.2,1492.8,152.5,157.2,1596.7,1649.9,140.4,143.7,1735.9,1736,1793.6,1792,1875.1,1877.2,1933.8,1934.7,737.5,739.1,347.4,347,138.5,138.8,651.7,653,710.4,709.9,72.4,,,,,
86,2010-02-28,1453.8,1502.1,152.9,157.2,1606.7,1659.2,139.5,142.8,1745.1,1746.5,1802,1802.1,1882.5,1884,1940.3,1941.5,741.1,743,350.9,351.2,139.5,139,651,651.5,708.8,708,75.9,,,,,
87,2010-03-31,1462.6,1509.1,150.8,155,1613.4,1664,138.5,141.8,1750.7,1753.1,1805.8,1807.8,1887.4,1890.8,1943.4,1946.1,746.7,747.2,354.1,355,138.9,139.4,647.6,648.1,703.6,704.2,70,,,,,
88,2010-04-30,1469.4,1514.8,152.5,156.9,1621.9,1671.7,137.2,140.4,1758.3,1760.8,1812.1,1814.9,1891.1,1894.4,1945.8,1949.7,750.6,750.4,356.7,358.3,140,140.1,643.9,645.4,698.6,700.6,73.5,,,,,
89,2010-05-31,1479.2,1524,153.2,157.9,1632.4,1681.9,136.2,139.4,1767.7,1770.6,1821.3,1824.8,1897.5,1900.2,1952.1,1955.8,756.1,754.9,359.6,360.9,140.2,140,641.7,644.8,696.3,699.6,72.9,,,,,
90,2010-06-30,1493.2,1536.2,153.9,158.9,1647.1,1695.1,135,138.1,1781.1,1777.3,1833.2,1831.4,1910.5,1906.4,1963.6,1961,762.1,759.2,363.6,363.4,141.4,140.3,643.4,642.7,696.5,697.5,72.2,,,,,
91,2010-07-31,1496.4,1538.4,155.9,161,1652.3,1699.4,133.4,136.5,1784.8,1785.3,1835.9,1838.1,1912.7,1911.8,1964.7,1965.8,765.3,764,365.4,365.1,140.6,140.4,641.3,642.5,693.3,696,76,,,,,
92,2010-08-31,1503.4,1546.1,156,160.6,1659.5,1706.7,133.6,136.5,1791.6,1789.8,1843.3,1841.2,1918.4,1915.5,1971,1968.1,768.7,768.2,367.7,366.8,138.1,138.5,643.9,642.5,696.5,695.2,76.7,,,,,
93,2010-09-30,1505.9,1547.4,155.6,159.9,1661.5,1707.3,133,136,1793.2,1794.2,1843.3,1844.3,1919.3,1919,1970.4,1970.1,771.4,772,369.5,368.6,137.9,138.6,640.5,640,691.6,691.5,71.5,,,,,
94,2010-10-31,1514.4,1555.8,156.3,161,1670.7,1716.7,131.1,134.2,1800.5,1801.2,1850.9,1851.1,1925.1,1924.6,1976.4,1975.8,775.3,776.3,371.5,370.5,138,138.5,640.3,639.5,691.7,690.6,75,,,,,
95,2010-11-30,1527.2,1568.5,156.9,161.8,1684.1,1730.3,130.3,133.5,1813.5,1810.2,1863.8,1859.9,1934.9,1931.3,1986.1,1981.6,779.5,781,373.2,372.6,139.3,139.2,642.8,638.9,694.1,689.5,76.4,,,,,
96,2010-12-31,1534.3,1575.1,156.2,161.5,1690.5,1736.6,127.9,131,1817.3,1815.1,1867.6,1865.5,1937,1936.2,1988.4,1987,785.1,785.9,375.4,374.6,139.2,139.1,637.2,636.4,688.6,687.4,72.8,,,,,
97,2011-01-31,1538.7,1580.1,156.2,161.5,1694.9,1741.6,125.9,129,1820.1,1821.2,1870.6,1870.3,1938.7,1941.1,1990.3,1991.8,788.4,789.6,377,376.8,138.7,139.1,634.6,636.4,686.2,686.6,71.2,,,,,
98,2011-02-28,1550.3,1592.1,156.4,161.6,1706.7,1753.7,125.4,128.5,1831,1833.2,1882.2,1883.2,1947.6,1949.5,2000,2001.5,791.9,793,378.2,379,139.5,139,638,639,690.3,690.3,75.7,,,,,
99,2011-03-31,1563.4,1606.4,158.9,164.1,1722.4,1770.5,125,128.1,1846.4,1848.9,1898.6,1900.4,1956.6,1960,2009.8,2012.1,795.2,794.8,380,381.5,139.8,139.9,641.6,642.4,694.8,695.5,79.7,,,,,
100,2011-04-30,1567.6,1607.6,158.6,163.8,1726.1,1771.3,124.3,127.3,1850,1851.9,1898.7,1901,1958.9,1961.4,2008.7,2011.8,799.2,797.8,381,383.3,140,140,638.8,640.4,688.5,690.5,80.6,,,,,
101,2011-05-31,1575.2,1614.5,159.9,164.8,1735.1,1779.3,123.5,126.4,1858.1,1860,1905.7,1907.7,1965.6,1967.6,2014.3,2016.5,803.9,801.8,383.1,384.7,140.4,140.3,638.2,640.8,686.9,689.3,84.5,,,,,
102,2011-06-30,1587.3,1622,159.4,163.9,1746.8,1785.9,122.9,125.9,1869,1864.4,1911.8,1908.9,1975.2,1970.2,2018.9,2015.4,807,804.2,380.2,380.2,140.4,139.4,647.6,645.9,691.3,691.2,104.8,,,,,
103,2011-07-31,1590.9,1625.1,159.8,164,1750.6,1789.1,121.9,124.9,1872.2,1871.4,1914,1914.7,1978.7,1976.8,2021.5,2021.5,810.4,810.1,381.6,380.9,138.9,138.8,647.8,648,690.6,692,103.7,,,,,
104,2011-08-31,1600.6,1638.3,159.5,163.3,1760.2,1801.6,121.8,124.8,1881.6,1879.9,1926.3,1924.7,1986,1984,2031.6,2029.5,813.2,814,383.5,381.4,137.8,138.5,651.6,650.2,697.2,696.1,107.1,,,,,
105,2011-09-30,1612.3,1649.7,158,161.9,1770.3,1811.6,121.7,124.5,1891.7,1892.3,1936.2,1936.8,1994.4,1994.1,2039.7,2039.5,815.7,817.6,385.5,383.8,137.4,138,655.8,654.9,701.2,700.6,115.5,,,,,
106,2011-10-31,1620.7,1658.7,157.4,161.4,1778.1,1820.2,120.9,123.8,1898.6,1899.2,1944,1944.4,2000,1999.8,2046.3,2046.2,819,820.8,387,385.6,137.3,137.6,656.7,656,702.9,702.3,113.6,,,,,
107,2011-11-30,1629,1667.4,158.5,162.5,1787.6,1830,120.5,123.9,1907.8,1905.7,1953.8,1951.4,2009.2,2006.7,2056.1,2052.9,821.2,822.7,385.4,384.7,135.3,135.1,667.2,664.3,714.1,710.6,111.9,,,,,
108,2011-12-31,1641,1678.8,152.6,156.8,1793.6,1835.6,120,123.4,1913.4,1912.1,1958.9,1957.8,2012.9,2012.2,2059.4,2058.6,824.7,825.1,386.9,386.4,135.4,135.1,665.9,665.5,712.3,711.7,108.8,,,,,
109,2012-01-31,1643.1,1682,152.4,156.2,1795.5,1838.3,119.5,122.8,1914.8,1916.5,1961.1,1961.7,2013.1,2016,2060.2,2062.4,828,828.5,388.1,388.4,134.6,135,662.4,664.8,709.5,710.7,102.8,,,,,
110,2012-02-29,1652.9,1692.6,151.5,155.5,1804.4,1848.2,119.4,122.5,1923.6,1926.3,1970.7,1972.2,2021.1,2026.8,2069.1,2070.8,830.8,830.8,389.8,391.2,135.7,135.1,664.8,666.2,712.8,713.2,100.7,,,,,
111,2012-03-31,1663.6,1703.8,151.4,155.5,1815,1859.3,119.8,122.9,1934.5,1936.9,1982.2,1983.9,2030.6,2033.4,2079.2,2081.2,833.5,832.2,391.9,394,135.2,135.1,670.1,671,718.7,719.4,108.4,,,,,
112,2012-04-30,1677.7,1716.4,148.8,152.5,1826.6,1868.9,119.3,122.4,1945.6,1947.2,1991.3,1993.2,2041.5,2043.7,2088,2090.5,836.4,834.2,393.7,396.5,135.1,135.1,676.3,678,722.8,724.6,106.2,,,,,
113,2012-05-31,1689.2,1728.8,149.5,153.1,1838.7,1881.8,119.3,122.1,1957.6,1958.7,2003.9,2004.8,2052.8,2054.2,2100,2101,840,837.3,396.3,398,135.3,135.5,681.3,683.3,728.5,730,110.7,,,,,
114,2012-06-30,1701.5,1740.3,148.7,152.5,1850.2,1892.7,119,121.8,1968.8,1963.8,2014.5,2010.9,2064.1,2058.4,2110.7,2106.5,844.5,842.2,399.1,399,135.3,134.6,685.2,682.6,731.8,730.8,112.6,,,,,
115,2012-07-31,1704.8,1744.4,148.6,152.5,1853.4,1896.9,118.3,120.7,1971.1,1969.7,2017.6,2017.2,2065.1,2063.2,2112.4,2111.6,834.4,835.4,416.8,415.2,129.7,129.8,684.2,683.5,731.5,731.7,119,,,,,
116,2012-08-31,1710.2,1749.2,149.2,152.9,1859.3,1902.1,117.5,119.8,1976.3,1975.1,2021.9,2021.1,2069.7,2068.7,2116.2,2115.1,836.3,838.4,418.5,415.2,129,129.8,686,685.2,732.5,732.1,125.8,,,,,
117,2012-09-30,1714.2,1752.8,150.4,154.2,1864.5,1907,117.4,119.8,1981.5,1981.7,2026.9,2027.2,2074.3,2073.4,2120.5,2120.4,837.2,840.2,419.2,416.7,128.9,129.4,688.9,687.7,735.2,734.4,135.4,,,,,
118,2012-10-31,1719,1757.4,150.3,153.9,1869.4,1911.3,116.4,118.7,1984.7,1985.2,2030,2030.5,2075.8,2076.2,2121.8,2122.1,839.8,842,420.9,419.2,129.1,129.3,686,685.4,732,731.7,133.2,,,,,
119,2012-11-30,1724.6,1762.5,151.1,154.8,1875.7,1917.3,116.1,118.4,1991.2,1990,2035.7,2034.3,2081.5,2080,2126.7,2124.7,843,844,423,422.8,129.8,129.4,685.7,683.7,730.9,728.4,138.3,,,,,
120,2012-12-31,1732.6,1771.4,150.4,154,1883,1925.4,115.3,117.7,1997.6,1996.7,2043.1,2042.2,2086.3,2085.4,2132.6,2132.1,845.9,845.4,424.4,424.4,130.3,129.6,685.8,685.8,732.1,731.8,140.3,,,,,
121,2013-01-31,1736.6,1776.2,150.4,153.8,1887,1929.9,114.2,116.5,2000.5,2002.4,2046.5,2047.5,2087.5,2090.5,2134.3,2136.6,847.8,847.4,426.2,427.2,129.6,129.8,683.9,686.5,730.7,732.3,139.6,,,,,
122,2013-02-28,1742.1,1782.9,150.5,153.5,1892.6,1936.4,113.2,115.5,2005,2007.5,2051.9,2053.3,2091.8,2093.5,2139.4,2140.9,850.2,849.3,426.9,429,131.6,131,683.1,684.4,730.6,731.1,144.6,,,,,
123,2013-03-31,1752.1,1792.7,149.2,152,1901.2,1944.7,111.8,114.1,2012.4,2014.8,2058.8,2060.4,2098,2100.2,2145,2146.6,853.2,851.6,428.8,431.4,131.4,131.2,684.5,685.5,731.5,732.1,148.8,,,,,
124,2013-04-30,1761.6,1801.8,149.3,151.9,1910.8,1953.7,110.7,112.9,2020.7,2022,2066.6,2068.4,2105.2,2107.3,2151.7,2153.9,856.7,854.1,431.1,434.2,131.3,131.5,686.1,687.4,732.6,734.1,149.8,,,,,
125,2013-05-31,1771.7,1812.1,148.6,151.3,1920.3,1963.4,109.9,112.1,2029.4,2030.1,2075.6,2076,2114.7,2115.6,2161.6,2162,860.2,857.7,433.8,435.6,131.5,131.9,689.2,690.4,736.1,736.8,152.7,,,,,
126,2013-06-30,1786.7,1825.9,148.1,150.8,1934.8,1976.8,108.5,110.7,2042.8,2037.8,2087.5,2083.4,2128.2,2122,2173.5,2168.6,857.7,856.1,444.8,444,132.1,131.6,693.6,690.8,738.9,737.5,152.6,,,,,
127,2013-07-31,1792.1,1832.2,147.6,150.2,1939.7,1982.4,107.1,109.3,2046.3,2044.8,2091.7,2090.8,2130.4,2129,2176.4,2175.4,825.9,827.9,473.2,470.6,138,138.3,693.3,692.4,739.3,738.9,157.3,,,,,
128,2013-08-31,1802.7,1843.5,144.3,146.6,1947,1990.2,105.4,108.1,2051.9,2051.7,2098.3,2098.5,2135.8,2135.7,2182.8,2183,828.3,831.1,475.6,471.4,142.7,143.7,689.2,689.2,736.2,736.7,157,,,,,
129,2013-09-30,1809.1,1852.4,144,146.4,1953.1,1998.8,105.1,107.1,2057.8,2058,2105.9,2106.1,2140.9,2140.6,2189.6,2189.6,830.6,834,478.4,475.4,142.7,143,689.2,688.1,737.9,737,166.7,,,,,
130,2013-10-31,1817.3,1859.7,144.3,146.5,1961.5,2006.2,104,105.9,2065.2,2065.2,2112.1,2112.3,2147.5,2147.7,2195.1,2195.4,832.2,834.3,482,480.4,143.5,143.5,690,689,737.5,737.1,167.5,,,,,
131,2013-11-30,1828.4,1872.4,144.8,146.9,1973.1,2019.3,102.8,104.8,2075.7,2074.7,2124.1,2122.9,2157.2,2156,2206.2,2204.8,835.8,836.2,485.8,486,144.4,143.9,691.2,690.1,740.1,738.5,166.2,,,,,
132,2013-12-31,1842.6,1888.2,145,147.1,1987.6,2035.3,100.6,102.6,2088.2,2087.2,2137.9,2136.9,2169.3,2168.4,2219.5,2218.9,838.8,837.7,490.9,491.6,145.3,144.3,694.2,694.5,744.5,744.5,164,,,,,
133,2014-01-31,1850.7,1896.6,140.9,142.9,1991.7,2039.5,99.2,101.1,2090.8,2092.5,2140.6,2141.6,2170.7,2173.1,2221,2223,839.5,838.3,494,495.4,144,144.1,693.2,695.3,743.6,745.1,166.3,,,,,
134,2014-02-28,1862.1,1908.7,140.8,142.7,2002.9,2051.5,98.4,100.3,2101.3,2103.1,2151.8,2152.7,2180.2,2181.4,2231.3,2232.2,842.5,841.1,496.8,499.5,144.7,144.1,696.2,697.3,747.2,747.4,170.5,,,,,
135,2014-03-31,1871.2,1919,141,142.9,2012.2,2061.9,96.5,98.4,2108.8,2111.2,2160.3,2162,2188.8,2190.5,2240.9,2242.3,845.3,843.6,500.3,503.4,144.4,144.2,698.9,699.7,750.9,751.4,177,,,,,
136,2014-04-30,1882.7,1929.9,141.1,143.1,2023.9,2073,95.2,97.1,2118.9,2120.2,2170,2172.2,2198.3,2200.1,2250,2252.1,849.6,847.1,504.2,507.7,144.5,144.9,700.1,700.9,751.7,752.9,177.7,,,,,
137,2014-05-31,1894.2,1943,141.4,143.2,2035.6,2086.3,94,95.9,2129.5,2130.5,2182.2,2183,2208.1,2208.6,2261.3,2261.8,853.3,851.4,508.8,510.5,144.3,144.9,701.8,702.4,755,755.3,185.1,,,,,
138,2014-06-30,1916,1964.7,142.5,144.5,2058.4,2109.1,92.8,94.5,2151.3,2146.9,2203.6,2199.7,2230,2224.3,2282.9,2277.7,858.5,857.4,514.2,512.5,145.6,145.2,711.8,709.4,764.7,763.2,184.7,,,,,
139,2014-07-31,1924.1,1973.5,141.7,143.8,2065.9,2117.3,91.6,93.3,2157.6,2156.4,2210.6,2209.6,2235.1,2234.5,2288.7,2287.8,860.4,863.1,517.9,514.4,144.5,145,712.4,711.8,765.9,765.3,193,,,,,
140,2014-08-31,1933.2,1981.7,141.8,143.9,2075.1,2125.6,90.2,92,2165.5,2166,2217.6,2218.5,2241.7,2242.6,2294.4,2295.7,863.1,866.3,521.6,517.1,144.3,145.4,712.6,713.6,765.3,766.6,197.4,,,,,
141,2014-09-30,1946.5,1995,141.3,143.5,2087.8,2138.5,88.6,90.4,2176.6,2176.7,2228.9,2229,2253.1,2253.6,2306,2306.4,866,869.7,525.9,522.8,144.4,144.7,716.8,715.8,769.6,768.9,202.2,,,,,
142,2014-10-31,1963.4,2013,139.9,142,2103.3,2155,86.5,88.4,2190.1,2189.4,2243.4,2243,2265.6,2265.5,2319.4,2319.6,869.6,871.6,530.6,529.5,144.7,144.7,720.7,719.3,774.6,773.9,202.6,,,,,
143,2014-11-30,1974.9,2025.4,140.5,142.6,2115.4,2167.9,85.8,87.6,2201.5,2200.2,2255.5,2254.1,2278.1,2276.5,2332.7,2331.5,873.9,873.7,535.5,536.3,145.5,144.8,723.1,722.5,777.7,776.7,207.3,,,,,
144,2014-12-31,1986.3,2036.7,141,143.1,2127.3,2179.8,83.6,85.5,2211.3,2209.8,2265.3,2264,2288.2,2287.1,2342.8,2341.9,878.3,876.7,540.5,541.8,146.1,144.8,723.3,723.5,777.8,778,212.7,,,,,
145,2015-01-31,1997.7,2048.7,141.7,144,2139.5,2192.7,82.1,84,2221.9,2223.3,2276.6,2277.5,2298.5,2300.1,2353.8,2355.4,881.9,880.2,544.7,546.4,145,145,726.9,728.4,782.2,783.4,212.8,,,,,
146,2015-02-28,2011.8,2063.4,141.7,143.9,2153.5,2207.3,80.8,82.7,2234.7,2235.8,2290,2290.4,2310.4,2311,2366.3,2366.5,884.9,883.1,548.4,551.2,145.3,144.8,731.8,732.5,787.7,787.6,215.9,,,,,
147,2015-03-31,2023.2,2075.1,141.6,143.7,2164.8,2218.8,79.6,81.6,2245.1,2247.3,2300.4,2302.3,2321.5,2322.7,2377.4,2378.5,889.1,887.2,553.2,556.3,145.5,145.5,733.7,734.3,789.6,789.9,216.1,,,,,
148,2015-04-30,2034.3,2087.1,139.1,141.3,2173.4,2228.4,78.4,80.3,2252.4,2253.8,2308.7,2311.2,2328,2329.2,2384.9,2386.7,892.6,890.5,558.1,561.4,144.4,144.9,732.9,733.1,789.8,790.4,206.2,,,,,
149,2015-05-31,2050.7,2102.7,139.2,141.4,2189.9,2244.1,77.7,79.6,2268.1,2269.8,2323.7,2325.5,2343.1,2343.5,2399.2,2400.1,896.7,895.4,563.4,564.8,144.4,145.2,738.5,739.1,794.6,795,209.4,,,,,
150,2015-06-30,2067.9,2121.4,139.6,141.8,2207.5,2263.2,76.2,78.2,2284.1,2280.5,2341.4,2337.8,2359.3,2354.4,2417.2,2411.9,903.6,902.7,570.2,567.7,145.2,145,740.2,738.6,798.1,796.9,207.5,,,,,
151,2015-07-31,2079,2133.1,140,142.4,2219,2275.5,74.7,76.6,2294.2,2293.6,2352.1,2351,2369.4,2369.9,2427.8,2427.4,907.7,910.8,572.4,568.5,144.7,145.3,744.6,744.7,803.1,802.6,214.6,0.4,,,,
152,2015-08-31,2096.8,2151.3,136.6,138.8,2233.4,2290.1,73.4,75.4,2307,2308.1,2365.5,2366.8,2381.8,2383.7,2440.9,2443.2,920.9,924.1,567.9,563.6,144.6,145.5,748.4,750.2,807.5,809.5,222.3,7.7,,,,
153,2015-09-30,2115.7,2172.1,135.8,138.2,2251.5,2310.2,71.8,73.7,2323.6,2323.7,2384,2384.1,2398.6,2399.8,2459.6,2460.7,932.4,936.1,564.3,561.6,144.5,144.7,757.4,756.8,818.5,817.9,224.2,5.2,,,,
154,2015-10-31,2131.3,2189.2,135.9,138.7,2267.1,2327.8,70.5,72.4,2337.8,2336.2,2400.3,2399,2413.4,2412.9,2476.6,2476.7,953.1,955.3,544.8,544.2,151.1,151.1,764.4,762.3,827.6,826.4,223.4,17.3,,,,
155,2015-11-30,2141.6,2201.9,136.2,139.3,2277.8,2341.2,69.8,71.7,2347.8,2345.5,2412.9,2410.9,2423.3,2421.7,2489.3,2488.1,963.4,963.2,544.8,545.7,152.9,152,762.3,761.5,828.2,827.5,220.4,1.8,,,,
156,2015-12-31,2155.4,2217.8,136,138.6,2291.4,2356.4,67.7,69.7,2359.3,2357.3,2426.1,2424.5,2434.9,2433.4,2502.4,2501.3,972.7,971,544.7,546,153.6,152.1,764,764.1,831.5,831.9,221.8,1.5,,,,
157,2016-01-31,2167,2230.5,136.2,139,2303.2,2369.4,66.3,68.2,2369.6,2370.7,2437.6,2438.3,2444.5,2445.5,2513.2,2514.5,979.4,977.3,545.1,546.6,152.5,152.3,767.5,768.7,836.2,837.1,232.6,1.4,,,,
158,2016-02-29,2182.4,2247.1,136.4,139.5,2318.8,2386.6,65.4,67.3,2384.4,2385.1,2453.8,2453.8,2458.8,2462.3,2529,2528.2,986.3,984.3,545.1,547.5,153,152.5,774.3,774.6,844.5,844,233.7,1.9,,,,
159,2016-03-31,2193.4,2258.7,134.7,137.6,2328.1,2396.2,64.5,66.3,2392.7,2394.9,2462.5,2464.4,2467,2467.4,2537.4,2537.7,992.8,990.5,545.5,548.2,152.7,152.8,776,776,846.4,846.4,237.3,1.4,,,,
160,2016-04-30,2208.1,2272.4,135.5,138.3,2343.5,2410.7,63.4,65.2,2407.1,2409,2475.9,2478.8,2480.6,2480.7,2550.1,2551,999.1,996.3,546.3,549.3,152.4,153.3,782.8,782.3,852.3,852,233.6,1.2,,,,
161,2016-05-31,2223.9,2290.1,130.1,133.1,2354,2423.2,62.2,63.9,2416.3,2419,2487.1,2490.2,2489,2489.9,2560.6,2561.6,1006,1004.4,548.1,549.3,152.4,153.3,782.6,783.5,854.1,854.9,241.3,1.1,,,,
162,2016-06-30,2234.9,2303.9,130.3,133.4,2365.2,2437.3,61,62.7,2426.3,2423.9,2500,2497,2496.3,2492,2570.7,2565.8,1013,1011.8,552,549.7,153.5,153.2,777.8,777,852.3,851.4,245.3,1.3,,,,
163,2016-07-31,2244.2,2315.1,129.9,133,2374.1,2448.1,59.5,61.1,2433.8,2434,2509.2,2508.4,2502.3,2503.4,2578.5,2578.9,1016.3,1019.8,553.7,550.2,152.3,152.9,779.9,780.9,856.1,856.3,249.6,1,,,,
164,2016-08-31,2252,2322.8,128.7,131.8,2380.6,2454.6,58.7,60.2,2439.5,2440.7,2514.8,2515.9,2508.3,2512,2584.3,2587.7,1022.3,1025.9,555.4,551.8,151.9,152.7,778.7,781,854.7,857.1,253.9,1,,,,
165,2016-09-30,2263.6,2335.2,130.3,133.2,2393.9,2468.5,57.4,59,2451.5,2451,2527.4,2526.8,2520.7,2522.4,2597.3,2598.9,1027.9,1032.6,557.4,554.8,151.8,151.8,783.6,783,860.3,859.7,256.6,0.9,,,,
166,2016-10-31,2279.7,2349.9,130.8,133.8,2410.5,2483.7,56,57.3,2466.7,2464.2,2541,2539.1,2536.3,2535.3,2611.3,2611.5,1034.7,1037.5,560.4,559.8,151.7,151.5,789.5,786.9,864.5,863.1,252,0.8,,,,
167,2016-11-30,2293.8,2363.5,131.2,134.3,2425,2497.8,54.7,56.1,2480,2476.7,2553.8,2551.2,2549.3,2547.4,2623.9,2622.7,1041.4,1041.6,563.5,564.3,152.5,151.6,792,790.8,866.6,866,253.3,0.9,,,,
168,2016-12-31,2313,2382.7,132.7,135.7,2445.7,2518.4,53.4,54.7,2499.4,2497.2,2573.1,2571.7,2568.6,2566.6,2643,2642.1,1048.3,1046.9,566.9,568,153,151.5,800.4,800.4,874.8,875.6,256.2,0.9,,,,
169,2017-01-31,2315.7,2387.2,132.7,135.6,2448.3,2522.8,52.1,53.2,2500.7,2502.3,2576,2577.2,2579.1,2580.7,2655.1,2656.7,1058.4,1056.4,571.8,573,152.1,151.9,796.8,798.2,872.8,873.9,258.6,1,,,,
170,2017-02-28,2325.6,2398,132.4,135.2,2458,2533.2,50.7,51.9,2508.9,2510,2585.1,2585.3,2587.8,2587.2,2664.5,2663.2,1063.7,1061.3,573.8,575.7,152.9,152.4,797.4,797.6,874.1,873.6,258.7,1,,,,
171,2017-03-31,2334,2405.6,132.6,135.2,2466.5,2540.8,48.9,50.7,2515.7,2517.5,2591.4,2593,2596,2595.3,2672.4,2671.5,1069.8,1066.9,576.2,578.8,152.5,152.6,797.6,797,873.9,873.2,253.5,1.2,,,,
172,2017-04-30,2345.7,2416.4,133.1,135.8,2478.8,2552.2,48.2,49.9,2527.3,2529,2602.1,2604.5,2607.7,2606.3,2683.2,2682.5,1075.8,1072,578.3,581.7,152.1,153.4,801.5,800.1,877,875.4,254.8,1.1,,,,
173,2017-05-31,2355.1,2427.6,134,136.7,2489.2,2564.3,47.6,49.2,2537,2540.6,2613.5,2617.3,2618.5,2619.3,2695.5,2696.1,1083.7,1081.2,580.8,582.6,152.1,153.3,801.8,802.9,878.8,879.6,258.9,1.3,,,,
174,2017-06-30,2371.9,2447.9,135.5,139.1,2507.4,2587,46.5,48.1,2554.2,2552.5,2635.1,2632.7,2639,2635,2720.7,2715.8,1093.7,1091.8,584.1,582.3,152.9,152.6,808.4,808.2,890.1,889.3,260.4,1.3,,,,
175,2017-07-31,2379.5,2456.3,135.4,138.9,2514.9,2595.2,44.8,46.6,2559.9,2560.8,2641.8,2641.5,2644.7,2647.1,2727.4,2728.8,1099,1102.6,584.4,581.3,151.4,151.9,809.9,811.7,892.5,893.4,256.4,1.4,,,,
176,2017-08-31,2386.3,2464.2,136.2,139.5,2522.6,2603.7,43.9,45.7,2566.7,2567.7,2649.4,2650.3,2653.6,2658.2,2736.9,2741.5,1106.5,1110.8,585.2,581.7,150.7,151.2,811.2,813.9,894.6,897.3,259.6,1.7,,,,
177,2017-09-30,2395.2,2472.1,137.3,140.5,2532.5,2612.6,42.9,44.6,2575.7,2574.3,2657.2,2655.7,2664.7,2666.6,2746.9,2748.9,1112.9,1118.7,585.8,583.1,151.2,151,814.8,814.2,897.1,896.4,261.9,1.4,,,,
178,2017-10-31,2406.2,2483.4,138.6,142,2544.8,2625.4,42,43.7,2587,2583.7,2669.1,2666.9,2676.3,2675.8,2759.1,2759.8,1120.3,1124.1,586.7,585.7,151.1,150.9,818.2,815.4,901,899.7,265,1.2,,,,
179,2017-11-30,2417.8,2494.7,138.8,142.3,2556.6,2637,41.1,42.8,2598,2594,2679.9,2677,2690.2,2688.2,2772.8,2771.9,1128.1,1129.2,587.9,588,151.6,150.6,822.7,821,905.3,904.9,268.1,1.2,,,,
180,2017-12-31,2423.9,2501.4,139.9,143.5,2563.8,2644.9,40.3,41.9,2604.1,2601.7,2686.8,2685.6,2697.3,2694.9,2780.8,2780,1136.3,1135.5,588.7,589.1,152.2,150.8,820.2,820.2,903.6,904.9,269.2,1.1,,,,
181,2018-01-31,2429,2507.6,140.2,143.8,2569.2,2651.5,39.2,40.8,2608.3,2610.6,2692.3,2694.2,2701.5,2703.9,2786.2,2788.2,1142.6,1141,589,589.5,151.6,151.4,818.3,820.1,903,904.4,269.3,1.1,,,,
182,2018-02-28,2437.3,2517.3,140.1,143.6,2577.4,2660.9,38.5,40.1,2615.9,2617.8,2701,2701.9,2711.2,2710.5,2796.9,2795.6,1149.7,1147.1,589.7,591.2,151.9,151.4,819.9,820.4,905.7,905.4,268.3,1.1,,,,
183,2018-03-31,2450.4,2530.1,141.3,144.8,2591.7,2674.9,37.7,39.1,2629.3,2630.7,2714,2714.8,2724.7,2722.6,2810,2807.7,1156.3,1152.3,590.4,593.2,151.5,151.7,826.5,825.3,911.9,910.1,271.8,1.2,,,,
184,2018-04-30,2459.1,2541.2,141.8,145.2,2601,2686.4,37,38.5,2637.9,2639.5,2724.9,2726.7,2735,2733,2822.7,2820.6,1162,1156.5,591.1,595.4,150.8,152.3,831.1,829,918.8,916.2,273,1,,,,
185,2018-05-31,2464.5,2546.8,141.8,144.6,2606.4,2691.4,36.4,37.9,2642.8,2647.1,2729.2,2733.6,2741,2741.5,2828,2827.9,1168.7,1164.8,592,594.6,150.6,151.9,829.7,831.1,916.7,917.7,273.2,1.1,,,,
186,2018-06-30,2477.5,2560.5,144.6,147.2,2622.1,2707.7,35.3,36.7,2657.4,2655.9,2744.4,2742.1,2756.8,2752.5,2844.4,2839.3,1178.1,1175.3,593,592.1,151.6,151.3,834.2,834.1,921.7,920.7,271.4,0.9,,,,
187,2018-07-31,2484.3,2568.6,144.5,148,2628.8,2716.6,34.1,35.4,2662.9,2663.9,2752,2751.7,2762,2765.1,2851.9,2854.1,1182.4,1185.8,592.9,590.3,150,150.4,836.8,838.9,926.6,927.8,278.9,1,,,,
188,2018-08-31,2493.4,2575.9,150.5,153.9,2643.9,2729.9,33.1,34.4,2677,2677.4,2764.3,2764.6,2777,2781.9,2864.9,2869.9,1193.1,1198.2,593.2,589.7,149.2,149.6,841.4,844,929.4,932,282.8,1.1,,,,
189,2018-09-30,2504.5,2589.9,153.5,156.8,2657.9,2746.7,32.1,33.4,2690.1,2687.8,2780.1,2777.7,2791.2,2793.1,2881.9,2884.2,1197.9,1205,593.5,590.4,149.3,149,850.6,849.9,941.3,940.5,278,0.9,,,,
190,2018-10-31,2516.3,2601,153.4,157.1,2669.7,2758.1,31.4,32.7,2701.1,2697.6,2790.8,2789,2802.6,2802.6,2893,2894.6,1203.1,1208.1,593.6,592.1,148.8,148.5,857.2,854.2,947.5,946.5,274.7,1,,,,
191,2018-11-30,2527.7,2613,153,156.9,2680.7,2769.9,30.3,31.5,2710.9,2706.7,2801.4,2798.7,2813.4,2811.4,2904.6,2903.9,1208.9,1210.9,594,593.4,149.1,148.1,861.4,859.6,952.6,952.6,275.8,1,,,,
192,2018-12-31,2531.3,2618,154.2,158.2,2685.5,2776.2,29.9,31.1,2715.3,2712.7,2807.3,2806.2,2819.5,2817.1,2912.2,2911.5,1214.3,1214,594.7,594.4,149.2,147.9,861.3,861.4,954,955.6,283.5,0.8,,,,
193,2019-01-31,2529.3,2621.6,154.2,158,2683.5,2779.6,28.6,29.8,2711.9,2715.2,2809.4,2812.6,2816.3,2819.5,2914.5,2917.4,1217.6,1216.5,594.4,594.4,147.5,147.4,856.8,859.5,955,957.3,286.4,0.8,,,,
194,2019-02-28,2537.6,2630.2,155.5,159.4,2693.1,2789.7,27.5,28.6,2720.3,2723.5,2818.3,2820.4,2824.9,2824.8,2923.5,2922.8,1222.1,1219.7,594.6,595.8,148.1,147.5,860.1,861.3,958.7,959.2,288.4,0.9,,,,
195,2019-03-31,2542.1,2636.5,155.5,160,2697.6,2796.5,26.3,27.3,2723.4,2724,2823.8,2823.8,2827.9,2824.7,2929,2925.2,1225.7,1221,594.3,597.2,147.5,147.6,860.4,858.4,961.5,958.7,295.7,0.9,,,,
196,2019-04-30,2547.5,2642.1,154.6,159,2702.1,2801.1,25.3,26.3,2727.1,2728.4,2827.4,2828.4,2831.5,2829.5,2932.6,2929.6,1230.2,1223.7,594.4,599.3,146.7,148.2,860.2,857.8,961.3,958,291.2,0.7,,,,
197,2019-05-31,2544,2638.9,155.5,160.3,2699.5,2799.3,24.5,25.6,2724,2728.4,2824.8,2829.1,2829.1,2829.4,2930.7,2930.2,1234.7,1230,594.8,598,145.9,147.2,853.7,855.1,955.4,956.4,298.4,1,,,,
198,2019-06-30,2552.1,2647.5,156.5,161.5,2708.6,2809,23.6,24.6,2731.7,2729.7,2833.6,2830.8,2841.6,2836.3,2944.3,2938.7,1240.6,1236.9,595.8,595.6,146.4,146.1,858.8,858.3,961.5,960,301.7,0.9,,,,
199,2019-07-31,2576.7,2647.5,206.6,161.5,2783.2,2809,22.7,24.6,2806,2806.9,2833.6,2830.8,2819.3,2822.6,2944.3,2938.7,1122.7,1125.2,667.7,665.5,170.2,170.7,858.7,860.9,961.5,960,302.1,0.9,2870,2873,909.4,911.5
200,2019-08-31,2581.7,2647.5,207.8,161.5,2789.5,2809,21.8,24.6,2811.3,2811.5,2833.6,2830.8,2824.2,2828.9,2944.3,2938.7,1127,1131.8,666.8,663.2,168.9,169.2,861.5,863.9,961.5,960,301.8,1,2875.5,2881.7,912.8,917.2
201,2019-09-30,2585.8,2647.5,209.5,161.5,2795.3,2809,21,24.6,2816.3,2813.5,2833.6,2830.8,2833.3,2835.2,2944.3,2938.7,1132.2,1138.9,665.1,661.6,166.9,166.7,869.1,868,961.5,960,304.3,0.9,2884.2,2888.8,920,921.4
202,2019-10-31,2592.7,2647.5,211.3,161.5,2804,2809,20.6,24.6,2824.6,2821.2,2833.6,2830.8,2841.4,2841.4,2944.3,2938.7,1137.6,1142.6,663.9,662,167,166.8,872.9,870,961.5,960,303.1,0.8,2892,2895.4,923.6,923.8
203,2019-11-30,2601.4,2647.5,212.9,161.5,2814.3,2809,19.8,24.6,2834.1,2830.2,2833.6,2830.8,2850.5,2848.3,2944.3,2938.7,1145.1,1147.5,664.4,663.1,167,165.9,873.9,872,961.5,960,306.8,0.8,2901.9,2901.7,925.4,925.2
204,2019-12-31,2606.2,2647.5,214.1,161.5,2820.3,2809,19.1,24.6,2839.5,2837,2833.6,2830.8,2855.1,2853,2944.3,2938.7,1151.1,1151.1,664.7,663.7,166.3,165.1,872.9,873.3,961.5,960,307.5,0.7,2906.3,2905.4,924.1,925.6
