DateTime ID,Report Month,Monetary Aggregate: Monthly Currency,Monetary Aggregate: Monthly Transaction Deposits w/ ADIs,Monetary Aggregate: M1 Money Supply,Monetary Aggregate: Monthly Certificate Deposits w/ ADIs,Monetary Aggregate: Monthly Non-Transaction Deposits w/ ADIs,Monetary Aggregate: M3 Money Supply,Monetary Aggregate: Monthly Private Borrowing (Other) w/ ADIs,Monetary Aggregate: Monthly Broad Money,Monetary Aggregate: Seasonally-Adjusted Currency,Monetary Aggregate: Seasonally-Adjusted M1 Money Supply,Monetary Aggregate: Seasonally-Adjusted M3 Money Supply,Monetary Aggregate: Seasonally-Adjusted Monthly Broad Money,Monetary Aggregate: Base Money Supply,Monetary Aggregate: Monthly Offshore Borrowings w/AFIs,Financial Growth: Monthly Housing Credit,Financial Growth: 12-Month Housing Credit,Financial Growth: Monthly Self-Occupied Housing Credit,Financial Growth: 12-Month Self-Occupied Housing Credit,Financial Growth: Monthly Investor Housing Credit,Financial Growth: 12-Month Investor Housing Credit,Financial Growth: Monthly Credit (Other),Financial Growth: 12-Month Credit (Other),Financial Growth: Monthly Non-Fin Businesses,Financial Growth: 12-Month Non-Fin Businesses,Financial Growth: Monthly Business,Financial Growth: 12-Month Business,Financial Growth: Monthly Exc-Fin Businesses,Financial Growth: 12-Month Exc-Fin Businesses,Financial Growth: Monthly Total Credit,Financial Growth: 12-Month Total Credit,Financial Growth: Monthly M3 Money,Financial Growth: 12-Month M3 Money,Financial Growth: Monthly Broad Money,Financial Growth: 12-Month Broad Money,Credit Aggregate: Monthly Bank Loans Exc-Fin Businesses,"Credit Aggregate: Monthly Bank Loans, Business",Credit Aggregate: Monthly NBFI Loans Exc-Fin Businesses,"Credit Aggregate: Monthly NBFI Loans, Business",Credit Aggregate: Monthly AFI Loans & Advances Exc-Fin Business,Credit Aggregate: Monthly AFI Loans & Advances,Credit Aggregate: Monthly Bills on Issue to Non-Fin Business,Credit Aggregate: Monthly Bills on Issue,Credit Aggregate: Monthly Narrow Cred. Exc-Fin Business,Credit Aggregate: Season-Adj Monthly Narrow Cred. Exc-Fin Busin,Credit Aggregate: Monthly Narrow Cred. Business,Credit Aggregate: Season-Adj Monthly Narrow Cred. Business,Credit Aggregate: Monthly Total Cred. Exc-Fin Business,Credit Aggregate: Season-Adj Monthly Total Cr. Exc-Fin Business,Credit Aggregate: Monthly Total,Credit Aggregate: Season-Adj Monthly Total,Credit Aggregate: Monthly Self-Occipied Housing,Credit Aggregate: Season-Adj Monthly Self-Occupied Housing,Credit Aggregate: Monthly Investor Cred.,Credit Aggregate: Season-Adj Monthly Investor Cred.,Credit Aggregate: Monthly Personal Cred.,Credit Aggregate: Season-Adj Monthly Personal Cred.,Credit Aggregate: Monthly Non-Fin Business,Credit Aggregate: Season-Adj Monthly Non-Fin Business,Credit Aggregate: Monthly Business,Credit Aggregate: Season-Adj Monthly Business,Credit Aggregate: Monthly Gov-Sector Lending
1,2003-01-31,29.7,183,212.7,82.4,241.6,540.2,87,627.2,29.6,212.6,537.5,623.6,36.1,152.3,1.1,17.6,0.8,14.6,1.5,24.8,0.9,10.3,0.1,7.2,0.9,6.3,0.9,15.4,1,12,1.2,10.3,1.1,9.9,627,626.8,112.2,124,739.2,750.7,74.5,76.7,812,814.4,827.5,828,905.8,908.4,916.6,918.6,313,312.5,143.9,143.7,86.9,87.2,341.2,341.5,372.8,375.1,32.6
2,2003-02-28,29.5,180.8,210.3,84,244.1,542.4,86.6,629,29.6,213.4,540.6,626.7,35.2,149.9,1.3,17.5,1.1,14.6,1.7,24.6,1.2,10.8,0.1,7.2,0.7,6.5,0.9,15.4,1.1,12.1,0.7,10.6,0.6,10,627,635.5,112.2,123.9,739.2,759.4,74.5,76.2,812,814.4,835.7,837.1,905.8,908.4,925.4,926.7,316.1,316.2,146.4,146.2,88.1,88.2,341.2,341.5,374.7,376.3,36.9
3,2003-03-31,29.3,183.4,212.7,84.3,246.2,546.7,85.5,632.2,29.6,214.4,547.7,631.9,35.1,144.9,1.5,17.7,1.2,14.6,2.3,25.3,1.1,10.8,0.1,7.2,1.6,7.8,0.9,15.4,1.5,12.8,1.1,10.8,0.5,9,627,641.8,112.2,126.5,739.2,768.3,74.5,76.3,812,814.4,844.6,845.9,905.8,908.4,939,939.2,319.6,320.3,149.6,150,90,90.3,341.2,341.5,379.8,379.4,30.4
4,2003-04-30,29.5,183.1,212.6,86.7,247.8,550,74.3,624.3,29.6,214.1,553.1,629.4,36.3,148.3,1.5,17.8,1.9,15.4,2.4,26,1.9,12.3,0.1,7.2,-0.3,6.8,0.9,15.4,0.8,12.6,0.9,10.6,1.8,10.8,627,650.2,112.2,118.1,739.2,768.3,74.5,76.5,812,814.4,844.8,847.3,905.8,908.4,939.5,941.5,326.5,327.5,148.6,149.2,89.5,89.7,341.2,341.5,375,375.2,27.3
5,2003-05-31,29.7,185.2,214.9,91.9,250.4,561.1,72.7,633.8,30.1,215.9,563.6,637.9,35.1,155.2,1.5,18.3,1.2,15.7,2.2,26.5,1.5,12.6,0.1,7.2,0.2,6.9,0.9,15.4,1,12.9,1.8,11.8,1.3,11.6,635.4,657.7,111.5,117.7,746.8,775.3,74.5,76.5,819.5,821,851.8,851.9,913.9,915.9,947.3,947.7,330.6,331.1,151.9,152.8,90.4,90.5,341,341.8,374.4,373.3,30.8
6,2003-06-30,29.6,192,221.6,86.4,252.6,565.6,68.6,634.2,29.9,217.7,564.4,637.5,35.1,149.4,1.8,19.1,1.5,16.2,2.5,28,1.1,12.4,0.8,7.2,0.6,6.4,1.3,15.4,1.3,13.1,0.6,13.2,0.3,11.8,645.4,669.1,111.7,117.2,757.2,786.3,74.7,76.8,830.7,829.7,863.1,860.7,929.1,927.2,962.4,960,336.2,336.4,156.4,156.3,91.6,91.2,344.9,344.3,378.2,376.4,30.1
7,2003-07-31,30.2,191.2,221.1,86,249.6,555.6,77,632.6,30.2,221,557.9,635.1,35.2,164,1.6,18.9,1.3,15.9,2.3,27.9,1.4,13.8,0.8,7.2,1.1,6.9,1.5,15.4,1.4,13.4,0,11.1,0.5,11.1,651.4,663.1,112,117.8,763.4,780.9,75.4,77.6,836.8,838.3,858.5,859.6,936.5,938.5,959.2,960.3,340.7,340.6,159.8,159.6,92.7,92.6,343.3,344.8,365.9,367.3,30.7
8,2003-08-31,30.5,192.2,222.4,93.5,254,568.7,79.2,647.9,30.4,223.9,570.8,647.1,35.2,159.5,1.4,19,1.2,16,2,27.8,0.6,13.2,0.3,7.2,0.6,7.4,0.9,15.4,1.1,13.6,2.3,12.3,1.9,11.8,658.9,671.1,112.5,117.9,771.4,789,75.7,78,845.7,844.6,867,867.5,947.4,945.3,969.5,970.3,344.8,344.7,163.3,163.2,93.3,93.2,346,345.7,368.1,369.2,27.5
9,2003-09-30,30.1,198.5,228.3,96.4,254.5,578.2,79.2,657.4,30,226.9,577.8,656.9,35.6,151.4,2,19.2,1.5,15.9,2.8,28.6,1.6,13.5,0.6,7.2,0.7,6.6,1.4,15.4,1.4,13.4,1.2,13.3,1.5,12.9,666.6,679.1,112.5,118.1,779.1,797.2,75.9,78.3,852.9,855.3,875.5,876.7,959.3,960.1,982.8,982.3,349.8,349.6,167.7,167.4,94.5,94.5,347.2,348,370.7,370.5,23.8
10,2003-10-31,30.7,198.1,228.4,95.7,257.2,580.5,72.1,652.6,30.6,229,582.4,653.6,36.1,146.3,1.8,20,1.5,16.6,2.5,29.7,1.1,14.3,0.6,7.2,0.7,7.9,1.3,15.4,1.3,14.5,0.9,13.6,-0.2,11.6,677.8,689.5,111.8,118.2,789.6,807.7,77.2,79.5,865.3,864.2,887.1,885.8,973.6,971.9,996.6,994.7,353.7,353.5,172,171.6,95.5,95.5,352.5,351,375.4,373.8,23.4
11,2003-11-30,30.9,200.5,231,95.2,262.3,587.6,72.1,659.7,30.7,230.6,587.2,657.9,36.4,154.9,1.7,20.7,1.5,17.3,2.3,30.2,0.5,13.9,1.1,7.2,1.1,8.5,1.3,15.4,1.4,15,0.8,13.2,0.7,11.2,688.7,700.9,112.6,117.2,801.3,818.1,77.3,79.7,876.9,873.6,897.8,895.5,987.1,983,1008.8,1006.7,359.3,358.8,175.5,175.2,96.2,95.9,356.2,354.3,377.9,376.9,23.4
12,2003-12-31,31.5,205,236.1,99.7,266,600.9,72.1,673,30.9,232,594.2,665.7,38.8,158.2,1.7,20.9,1.4,17.4,2.1,30.1,0.9,14.6,0.8,7.2,0.8,9,1.3,15.4,1.3,15.5,1.2,13.5,1.3,11.9,699.2,712.4,109.8,114.2,809,826.6,78.3,80.6,886,882.5,907.2,904.3,998.8,995.7,1020.9,1019.4,364.9,364,179.2,179,96.6,96.2,358.1,357.2,380.2,379.8,20.2
13,2004-01-31,31.2,204,234.8,95.7,269,598.6,71.7,670.3,31.1,234.4,595.4,666.5,37,160.5,1.6,21.5,1.5,18.1,2.2,31,1,14.8,0.5,7.2,0.6,8.6,1.2,15.4,1.2,15.7,0.3,12.4,0.5,11.3,705.8,719.6,108.6,112.2,814.4,831.8,77.8,80.2,890.2,888.7,912,911.4,1006.7,1007.5,1029.1,1030.5,369.3,368.7,182.3,182.1,96.8,97.1,358.2,359.5,380.7,382.3,20.8
14,2004-02-29,31.2,202,232.8,103.8,270,605.6,67.9,673.4,31.3,236,603.8,671.8,36.4,163,1.6,21.7,1.3,18.4,2,31.3,1.1,14.8,-0.4,7.2,-0.4,7.4,1.1,15.4,0.8,15.4,1.6,13.4,0.9,11.7,708.5,721.5,109.2,112.7,817.7,834.2,77.9,80.3,893.4,893.6,914.5,915.7,1014.6,1018.3,1036.4,1037.6,373.3,373.5,185.4,185.2,98.3,98.3,357.6,357.7,379.4,380.5,21.1
15,2004-03-31,30.9,203,233.5,103.3,273.8,609.7,67.1,676.8,31.2,235.2,610.7,676.4,37.3,150.3,1.7,21.9,1.6,18.9,1.8,30.7,1,14.6,1,7.2,0.3,6.1,1.2,15.4,1.1,14.9,1,13.2,0.5,11.7,713.4,724.9,111.9,115.1,825.3,840,79,81.6,902.4,905.9,921.7,923.6,1030.5,1034.2,1050.3,1051,381.1,382.1,189,189.5,98.4,98.8,362,362.5,381.8,381.7,18.8
16,2004-04-30,31.5,201.3,232.4,108.4,273.1,613,66.1,679,31.5,234.6,615.9,684.2,37.1,152.5,1.3,21.7,1.1,17.9,1.5,29.7,0.5,13.1,0.7,7.2,0.6,7.1,1,15.4,1,15.2,0.7,13,0.7,10.4,724.7,736,110.1,113.5,834.8,849.5,79.3,81.9,912.7,915.4,931.4,933.7,1041.2,1044.1,1060.5,1062.8,385.6,386.7,191.9,192.7,98.9,99.3,364.9,365.1,384.2,384.2,14.3
17,2004-05-31,30.9,201.3,231.9,108.1,274.2,613.3,67.8,681.1,31.3,233.9,616.5,685.8,36.7,165.5,1.3,21.5,1.2,17.9,1.5,28.8,0.7,12.3,0.9,8,1.1,8,1,15.5,1.2,15.4,0,11,0.2,9.2,734.3,745.8,111.6,115.1,845.9,860.9,79.7,82.1,923.5,925.3,943,943.4,1052.6,1054.3,1072.7,1073.5,390.5,391,195,196.1,99.4,99.6,367.7,368.5,387.8,387,14.8
18,2004-06-30,31.6,210.4,241.5,105.4,276.8,622.7,63.5,686.2,31.8,237.1,621.3,689.3,37.2,167.1,1.2,20.7,1.1,17.4,1.5,27.5,0.7,11.7,1.4,8.6,1.2,8.6,1.2,15.4,1.2,15.2,1.1,11.6,0.9,9.8,745,757.1,111.8,115.2,856.9,872.2,80.8,83.2,935.6,934.5,955.4,953.7,1068.9,1067.4,1089.4,1087,394,393.9,200.5,200,101,100.7,373.5,373,393.9,392.7,17
19,2004-07-31,32.1,205.6,237.3,110.5,278.4,625.3,67.8,693.2,32.1,237.3,628.3,695.9,37.6,170.1,1.3,20.4,1.2,17.3,1.5,26.6,0.7,11,0.3,8,0.6,8.1,1,14.9,1,14.8,0.8,12.6,0.9,10.2,751.1,763.5,111.1,114.9,862.2,878.4,80.7,83.1,941,942.7,961.5,963.6,1077.2,1078.8,1098.4,1100.3,398.9,398.8,203.2,202.9,101.5,101.5,373.5,375.2,394.7,396.7,17.3
20,2004-08-31,31.9,206.1,237.5,111.7,280.9,629.3,70.2,699.5,31.9,239.2,631.7,698.4,37.5,181.4,1.1,20,1.2,17.4,0.9,25.2,1.5,12,1.1,8.9,1.2,8.8,1.1,15.1,1.2,15,0.5,10.6,0.3,8.4,761.1,773.5,112.5,115.7,873.6,889.2,81.7,84,952.8,951.6,973.2,973.4,1090.9,1088.9,1112,1112.5,403.8,403.8,205.4,205.3,102.3,101.9,379.4,379.2,400.5,401.6,17.4
21,2004-09-30,32.6,211.6,243.8,109.4,279.7,632,69.6,701.6,32.4,242.1,631.9,700.6,38,175.7,1.5,19.3,1.2,16.9,1.8,24.1,1,11.4,0.7,8.9,0.5,8.6,1.1,14.8,1,14.5,0.4,9.7,0.5,7.5,759.7,772.5,113.8,117.4,873.5,890,82.3,84.8,954,956.6,974.8,976.7,1100.4,1101.2,1121.9,1121.9,408.2,407.8,208.8,208.4,102.9,102.9,380.6,381.5,402,402.5,17.1
22,2004-10-31,32.8,211.5,243.7,110.8,281.1,634.9,72,706.8,32.7,244.4,636.6,708.2,38.2,186.4,1.2,18.6,1.2,16.7,1.3,22.5,1.4,11.7,0.7,9,1.1,8.9,1.1,14.5,1.2,14.3,0.9,9.7,1.3,9,770.6,783.8,116.3,120.6,887,904.5,82.6,85.2,967.3,966.3,989.6,988.6,1115.3,1113,1138.5,1136.6,413.8,413.5,211.1,210.8,104.4,104.2,386.1,384.6,409.2,407.8,18.7
23,2004-11-30,32.3,214.7,246.5,115.4,283.1,644.3,73.7,717.9,32.1,245.5,643.6,715.9,38.4,188.3,1.3,18.2,1.4,16.6,1.3,21.3,1.3,12.6,0.2,8,0.2,8,0.9,14,0.9,13.8,1.1,10,1.1,9.5,779,793.1,117.2,121.1,896.2,914.2,83.2,85.8,977.1,973.4,1000,996.9,1127.4,1123.5,1151,1148,419.8,419.3,213.5,213.2,105.8,105.4,388.2,386,411.8,410.2,18.6
24,2004-12-31,32.8,219.7,252.1,115.5,288.6,655.4,75.2,730.6,32.2,247.5,647.1,722.7,40.1,191.6,1.4,17.8,1.3,16.5,1.3,20.4,1.5,13.2,0.5,7.7,0.8,8,1.1,13.8,1.2,13.7,0.5,9.2,0.8,8.9,784,801.5,118.3,122.3,902.3,923.8,84.2,86.8,984.8,980.9,1010.6,1006.6,1138.6,1135.5,1165.2,1162.5,426,425,216.3,216,107.5,107.1,388.9,387.8,415.5,414.3,20.5
25,2005-01-31,33.4,218.7,251.6,116.6,288.1,655.6,75.3,730.8,33.3,250.6,652,727.1,40.1,185.4,1,17.1,1.2,16.2,1.1,19,1,13.2,1.1,8.3,0.9,8.4,1.1,13.6,1,13.5,0.8,9.8,0.6,9,792.4,807.2,120.2,124.3,912.7,931.5,83.6,86.1,993.3,991.5,1017.5,1015.7,1156.5,1157,1181.4,1182.2,436.6,436.1,221.3,221.2,107.8,108.2,390.7,391.9,415.6,416.6,23.4
26,2005-02-28,32.8,216.5,248.6,117,292.1,656.9,76.1,733,32.9,251.7,655.7,732.2,38.9,185,1,16.4,0.8,15.5,1.3,18.2,0.7,12.7,1.3,10.2,1.2,10.1,1,13.5,1,13.8,0.6,8.8,0.7,8.7,794.9,809.5,120.7,125.1,915.6,934.7,84.6,87.2,998.1,998.2,1021.8,1022.5,1163.8,1164.1,1188.3,1189.5,436.1,436.5,221.9,222,109,109,396.7,396.7,421.3,421.9,18.4
27,2005-03-31,33,219.4,252,117.1,289.1,657.2,83.8,741.1,33,253.7,657.6,739.7,39.3,189.6,1,15.6,1.1,14.9,0.9,17.1,0.9,12.6,0.9,10,1,10.9,1,13.3,1,13.6,0.3,8,1,9.3,799.3,815.5,122.2,125.8,921.5,941.2,85.7,88.3,1005.1,1008.7,1029.5,1032.2,1168.2,1172,1193.2,1194.6,436.9,438,222.2,222.8,109.6,110.3,399.5,400,424.5,424.6,16
28,2005-04-30,33.1,220.4,252.9,116,291.6,659.5,82.6,742.2,33.4,255.9,663.6,748.6,38.5,196.4,1.1,15.4,1.1,14.9,1,16.4,0.8,13,1.1,10.4,1.2,11.5,1.1,13.4,1.1,13.8,0.6,7.9,0.5,9.1,808.9,825.6,123.9,127.9,932.9,953.5,86.5,89.1,1017.4,1020.3,1042.6,1044.9,1180.6,1183.6,1206.5,1209.3,441.8,443.1,224.1,225.1,110.5,111.1,404.2,404.4,430.1,430.1,17.3
29,2005-05-31,32.9,223.6,256,117.5,293.5,666,84.6,750.6,33.3,259.2,670.2,756.4,38.7,201.5,1,15,1.1,14.8,0.7,15.4,0.5,12.8,1.7,11.3,1.6,12.1,1.1,13.5,1.2,13.8,1.1,9,1.2,10.2,819.6,835.8,124.8,128.2,944.4,964,87.9,90.6,1030,1032.2,1054.6,1056,1195.1,1197.5,1220.3,1222.2,447.1,447.7,226.1,227.1,111.4,111.7,410.4,411.2,435.6,435.5,17.6
30,2005-06-30,33.4,231.9,264.8,112.7,301.4,677.9,83.6,761.5,33.6,260.1,677,764.4,38.7,201.9,0.9,14.7,1,14.7,0.7,14.5,1.3,13.5,0.6,10.4,0.6,11.5,0.8,13.1,0.9,13.4,1.2,9.1,1.3,10.7,828.7,844.9,125.9,129.9,954.6,974.8,88.4,91.4,1040.3,1038.9,1066.2,1065.3,1208.5,1206.9,1235.3,1233.3,453.1,452.7,228.9,228,113.3,112.9,413.2,413.1,440,439.5,18.3
31,2005-07-31,33.8,230.8,264,111.7,300.5,675.2,87.7,762.9,33.8,264.3,678.5,765.4,39.1,201.9,0.8,14,0.8,14.2,0.8,13.7,0.8,13.5,0.9,11.1,0.8,11.8,0.9,13,0.8,13.2,0.1,8.4,0.2,9.9,834.3,850.1,126.7,131,961,981.1,88.6,91.7,1047.5,1049.7,1072.9,1075.8,1216.4,1217.8,1242.7,1245.1,456.3,456,230.4,229.8,113.9,113.8,415.9,417.8,442.1,444.7,15.6
32,2005-08-31,33.6,230.1,263.2,113.4,303.3,678.9,93.1,772.1,33.6,264.8,681.2,770.5,39.4,204.7,0.9,13.9,1.1,14.1,0.7,13.4,1,13,1.5,11.5,1.7,12.3,1.1,12.9,1.2,13.2,0.4,8.2,0.6,10.2,847.8,864,129.1,133.5,976.9,997.5,90.4,93.4,1064.3,1063.2,1090.9,1090.7,1233.4,1231.5,1260.9,1260.5,460.9,460.7,232.1,232,116.4,115.9,424,424,451.5,452.4,12.3
33,2005-09-30,34,235.2,268.8,112.4,309.9,690.2,93.5,783.7,33.9,267.2,690.1,782.1,39.7,203.4,1,13.3,1.1,14,0.7,12.2,0.9,12.9,1.1,12,1.2,13.1,1,12.8,1,13.2,0.8,8.7,1.1,10.8,852.9,869.4,130.6,135.1,983.5,1004.5,91.5,94.7,1071.3,1074,1099.2,1101.8,1244.1,1244.7,1272.9,1273.3,465.6,465,233.6,233.4,116.9,116.9,428,429,456.7,457.9,14.7
34,2005-10-31,34,233.6,266.9,114.4,306.8,687.4,88.1,775.5,33.9,267.4,688.2,776.5,40.3,203.6,1.1,13.3,1.2,13.9,1.1,12,0.6,12.1,1.1,12.5,1,13,1.1,12.9,1,13,-0.1,7.6,-0.6,8.7,865.4,881.9,132.4,137.3,997.8,1019.3,92.7,95.8,1087.4,1086.5,1115.1,1114.3,1260.8,1258.5,1289.4,1287.4,471.4,471,235.9,235.7,117.7,117.6,435.8,434.2,464.4,463,13.5
35,2005-11-30,34.4,237.9,271.8,112.3,310.3,693.6,92.1,785.6,34.2,270.2,692.3,782.9,40.9,211.6,1.2,13.1,1.2,13.7,1.2,11.9,0.6,11.2,1.2,13.6,1.2,14.1,1.1,13.1,1.1,13.3,0.6,7.1,0.9,8.6,876.5,894.4,133.3,138.1,1009.8,1032.5,94.2,97.2,1101.4,1097.1,1129.7,1125.7,1276.1,1271.6,1305.3,1301.4,477.3,476.7,238.4,238.1,118.7,118.3,441.8,438.9,471,468.5,14.3
36,2005-12-31,34.9,243.9,278.4,115.1,317.1,709.6,88.1,797.6,34.2,273,700.1,790,43,204.2,1.1,12.7,1.2,13.6,0.6,11.2,0.3,9.9,1.9,15.1,1.8,15.3,1.3,13.3,1.3,13.4,1.1,7.7,0.9,8.7,887,906.4,134,138.4,1021,1044.8,95.7,98.8,1114.1,1109.7,1143.6,1138.6,1290.9,1287.6,1321.3,1317.8,483.8,483,239.9,239.5,119.2,118.7,448,446.8,478.3,476.4,15
37,2006-01-31,34.6,242.3,276.4,113.6,323,712.2,88.7,800.9,34.6,274.9,708.2,797.1,41.6,203.4,1.1,12.8,1.3,13.7,1,11.1,0.8,9.7,0.9,14.9,1.3,15.7,1,13.2,1.2,13.5,1.1,8.1,0.8,9,895.5,916.1,134.7,139.3,1030.2,1055.5,96,99.1,1123.2,1121.1,1154.6,1151.7,1299.3,1300.2,1331.6,1331.7,488.6,488.4,241.5,241.3,119.4,119.7,449.9,451,482.1,482.4,14.2
38,2006-02-28,34.8,240.8,274.8,114.9,323.2,712.1,92.3,804.4,34.9,278,711.3,804.3,41.5,217.7,1.1,12.9,1.2,14.2,0.8,10.5,1.2,10.2,1,14.7,1.4,15.9,1,13.2,1.2,13.7,0.5,8,1,9.3,908.3,929.6,133.5,138.3,1041.7,1067.9,96.5,99.7,1135.2,1135,1167.6,1167.5,1313.8,1314.2,1347.1,1347.9,493.6,494.3,243.3,243.5,120.5,120.5,456.4,456.3,489.7,489.5,16
39,2006-03-31,35,245.5,280.1,117.7,323.3,720.1,95.7,815.8,35.4,282,722.1,816.4,41.5,215.6,0.9,12.8,1,14.1,0.7,10.4,0.8,10,1.5,15.4,1.5,16.5,1.2,13.4,1.1,13.9,1.4,9.2,1.4,9.8,913.1,934.6,133.7,138.7,1046.9,1073.3,97.5,100.8,1141.1,1144.6,1174.1,1177.1,1327.3,1331.3,1361.2,1363.4,498.4,499.8,244.9,245.6,120.8,121.8,463.2,463.6,497.1,497.3,16
40,2006-04-30,35.5,245.7,280.7,122,330.5,732.3,89.4,821.6,35.5,284.7,736.2,827.3,41.8,210.6,1.1,12.9,1.1,14.1,1.3,10.8,0.7,9.9,1.3,15.6,1.6,17,1.2,13.5,1.3,14.1,2,10.7,1.2,10.4,924.2,946.3,134.1,139.4,1058.4,1085.7,98.8,102.1,1152.6,1155.6,1187.7,1190.2,1342.9,1346.1,1379.1,1382.6,504,505.6,247.6,248.6,121.9,122.6,469.5,469.6,505.6,505.7,14.4
41,2006-05-31,34.9,247.5,281.9,124.9,328.7,734.8,92.7,827.5,35.4,286.4,740.2,834.5,41.3,209.3,1.3,13.3,1.3,14.2,1.3,11.5,0.7,10,1.4,15.2,1.3,16.7,1.3,13.7,1.3,14.2,0.5,10.1,0.7,9.9,933.5,956.4,134.8,140.2,1068.3,1096.6,100.2,103.5,1164.9,1167.7,1200.1,1202.9,1360.7,1364,1396.8,1400.1,510.9,511.7,251.7,252.6,122.9,123.2,475.2,476.3,511.3,512.3,11.5
42,2006-06-30,35.6,257.6,292.7,121.1,333.7,746.7,91.6,838.4,35.8,288,746.3,840.4,41.3,220.9,1.2,13.7,1.4,14.6,1.1,11.9,1,9.7,0.7,15.3,0.7,16.8,1,13.9,1,14.4,0.9,9.7,0.8,9.4,943.7,967.2,135.5,142,1079.3,1109.2,101.7,105.1,1177,1175.6,1214.3,1214.1,1378.1,1376.2,1416.5,1414.6,519.3,518.3,255.4,254.2,124.8,124.2,478.5,478.8,516.9,517.5,12.1
43,2006-07-31,35.6,255.3,290.3,121.8,338,749.3,96.4,845.7,35.7,290.8,753,848,41.5,220.7,1.3,14.2,1.4,15.4,0.9,12,1.1,10,1.6,16.2,1.7,17.8,1.5,14.5,1.4,15.1,1,10.6,0.8,10.1,954.8,978.3,136.8,143.2,1091.7,1121.6,103.2,106.5,1191.5,1194.2,1228.1,1232,1392.5,1393.7,1430.8,1433.8,526.7,526,257.2,256.4,125.2,125.1,483.3,485.7,521.7,525.1,12.7
44,2006-08-31,36.1,255.7,291.2,126.3,342.7,759.3,98.8,858.1,36.2,292.7,761.3,856.3,41.9,219.3,1.1,14.5,1.3,15.6,1,12.3,0.9,9.9,0.8,15.5,0.4,16.3,1,14.4,0.8,14.7,1,11.3,1.1,10.6,963.8,987.5,140.6,145.7,1104.4,1133.3,104.8,108.3,1206.2,1205.2,1241.6,1240.8,1411.8,1409.5,1448.9,1447.3,533.5,532.8,259.9,259.9,129.3,128.7,489,489.1,526.1,526.6,15.6
45,2006-09-30,36.6,260.5,296.6,119.7,352.4,767.8,101.9,869.6,36.4,294.8,767.4,867.2,42.2,236.5,1,14.5,1.1,15.6,0.8,12.5,2.1,11.2,1.2,15.5,1.1,16.2,1.1,14.5,1.1,14.8,0.8,11.3,1.3,10.9,970.5,994.4,140.9,145.9,1111.4,1140.3,106.6,110.2,1214.8,1217.5,1250.5,1253.4,1423.7,1423.9,1461.2,1461.9,544.1,543.1,254.9,255,131.1,131.2,493.6,494.8,531.1,532.7,15.6
46,2006-10-31,36.4,261.8,297.7,124.8,355.6,777.3,97.4,874.7,36.4,298,776.6,874.7,42.6,233.7,0.9,14.3,1.1,15.5,0.7,12,0.1,10.6,1.8,16.4,1.8,17.1,1.2,14.7,1.1,14.9,1.2,12.8,0.9,12.6,980.7,1006,141.7,146.4,1122.3,1152.4,108.5,112.2,1228.6,1228,1264.6,1264.1,1440.9,1439.1,1478.6,1476.8,549.8,549.2,256.8,256.9,131.5,131.5,502.7,501.1,540.5,539.1,15
47,2006-11-30,37,265.1,301.6,126.3,357,784,99,882.9,36.7,299,781.8,879.2,43.5,236.8,0.8,13.9,0.9,15.1,0.8,11.5,0.7,10.8,0.8,16,1,16.9,0.8,14.4,0.9,14.7,0.6,12.8,0.6,12.3,992.7,1018.3,146.1,150.9,1138.8,1169.3,110.1,113.8,1245.3,1240.5,1283,1277.8,1458.4,1453.3,1498,1492.6,555.2,554.7,258.5,258.3,133,132.6,511.8,508.1,551.3,547.5,16.2
48,2006-12-31,37.8,272,309.3,128.6,365.1,802,93,895,37,303,791.4,888.1,45.5,249.1,0.9,13.7,0.8,14.7,0.8,11.7,0.9,11.4,1,15,1.1,16.1,0.9,13.9,1,14.3,1.3,13,0.9,12.3,999.4,1026.3,149.6,155.2,1149,1181.4,111.6,115.3,1257.4,1252.6,1296.7,1291.1,1469.6,1466.1,1510.9,1506.7,559.7,559.2,259.9,259.5,134.3,133.9,515.7,514.1,556.9,554.2,17.2
49,2007-01-31,36.8,271.5,307.8,126.9,368.7,802.4,99.7,902.2,36.8,306.1,797.8,898.3,43.6,261.2,0.9,13.5,1,14.4,0.8,11.5,1.2,11.9,1.3,15.4,1.3,16.1,1.1,14,1.1,14.3,0.9,12.8,1.2,12.7,1011.1,1038.8,149.3,154.8,1160.4,1193.6,111.8,115.5,1269.3,1267.3,1309,1305.6,1481.1,1482.5,1522.8,1522.6,564.2,564.6,261.4,261.2,135.2,135.5,520.3,521.1,562,561.5,18.3
50,2007-02-28,36.9,269.8,306.2,135.4,373.8,814.5,94.8,909.3,36.9,309.4,814.2,909.4,43.6,251.8,1,13.4,1,14.2,0.9,11.7,0.9,11.6,1.9,16.4,2.1,16.9,1.3,14.2,1.4,14.5,1.9,14.3,1.1,12.8,1021.2,1048.5,150,155.6,1171.2,1204.1,112.8,116.5,1280,1279.6,1320.6,1319.7,1499.8,1500.5,1542.4,1543.1,568.7,570.2,262.8,263,136.9,136.9,531.3,531.1,573.9,573,17.9
51,2007-03-31,37,275.4,311.8,136,376.6,823.7,96.5,920.2,37.3,314.1,826.1,921.4,44.1,253.6,1,13.5,1.1,14.3,0.9,11.9,0.9,11.8,1.7,16.6,1.5,16.8,1.3,14.4,1.2,14.5,1.4,14.4,1.1,12.5,1030,1057.1,149.4,155.6,1179.3,1212.6,114.4,118.2,1291.2,1294.4,1330.8,1334,1517.4,1520.9,1559.1,1562,574.1,575.8,266.4,266.9,137.2,138.3,539.7,539.9,581.4,581.7,18.7
52,2007-04-30,37.3,277.7,314.6,137.9,380.8,832.6,92.4,925,37.4,319.5,838.1,931.6,44,259.1,0.9,13.2,1,14.2,0.8,11.3,0.6,11.7,1.9,17.4,2,17.3,1.3,14.5,1.3,14.6,1.4,13.7,1,12.3,1044.9,1073.3,150.2,155.9,1195.1,1229.2,115.9,119.8,1308.6,1311.9,1349,1351.9,1536.4,1540.2,1578.9,1583.3,579.7,581.4,268.2,269.2,138.3,139.1,550.1,550.5,592.7,593.3,18.4
53,2007-05-31,37.4,279,315.9,142.2,382.1,839.3,96.3,935.6,37.9,321.5,846.6,944.5,43.3,253.5,1.1,12.9,1.1,14,0.9,10.9,1.5,12.5,1.7,17.7,1.8,17.9,1.3,14.5,1.4,14.7,1.1,14.4,1.3,12.9,1046,1075.6,151,157.1,1197.1,1232.7,117.3,121.4,1312.1,1315.6,1354.1,1358.1,1556,1559.8,1600.1,1604.7,586.7,587.6,270.5,271.3,141,141.1,557.8,559.5,601.9,604.2,21.2
54,2007-06-30,37.9,299.4,336.7,143,390,868.9,94.5,963.4,38.1,331.9,869.6,965.1,43.7,233.8,1.3,13,1.3,13.9,1.5,11.3,4.2,16.1,1.7,18.9,2,19.3,1.7,15.3,1.8,15.5,2.5,16.2,2.2,14.6,1067,1097.4,153.6,161.5,1220.6,1258.8,120.3,124.5,1338.6,1336.9,1383.4,1383.5,1588.2,1585.6,1635.5,1633.7,595.2,593.5,277.2,275.8,148.8,147.9,567,567.8,614.3,615.9,21.7
55,2007-07-31,37.7,294.2,331.4,146.6,399,876.3,96.9,973.2,37.8,332.1,880.4,975.3,44.1,246.9,0.8,12.5,0.8,13.2,0.6,11,0.1,15,1,18.2,1.5,19.1,0.9,14.7,1,15.1,1.5,16.8,1.2,15,1075,1108.3,154.8,161.7,1229.8,1270,120.8,124.6,1346.9,1349.8,1394.6,1398.7,1598,1599.1,1648,1650.9,600,598.7,278.4,277.7,148,147.9,571.4,574.2,621.5,625.5,23.5
56,2007-08-31,38.6,301.3,339.4,155.6,403.8,897.9,100.4,998.4,38.7,340.8,899.1,995.9,46.3,237,0.8,12.1,0.9,12.8,0.8,10.8,0.1,14,2.1,19.8,2.3,21.4,1.2,14.9,1.3,15.6,2,17.9,2,16,1095.4,1135.7,155.1,161.8,1250.5,1297.5,122.8,126.6,1370.1,1369,1424.1,1422.9,1621.4,1618.7,1677.8,1675.2,605.6,604.3,280.7,280.9,148.6,148.1,586.4,586.4,642.9,643,24.9
57,2007-09-30,38.9,302.4,340.8,165,408.8,913.7,89.4,1003.2,38.8,338.6,913,999.9,47.6,234.3,0.8,11.9,0.9,12.5,0.7,10.7,0.1,11.8,1.9,20.6,1.8,22.2,1.1,14.9,1.1,15.6,1.5,18.7,0.4,15,1111.3,1151.6,156.7,163.3,1267.9,1314.9,124.1,127.8,1388.1,1390.7,1442.8,1445.6,1638.4,1638,1695.5,1696,610.3,609,282.5,282.8,148.3,148.6,597.2,598.5,654.3,656.1,22.5
58,2007-10-31,38.7,302.6,340.8,188.4,412.4,940.8,88.3,1029.1,38.6,340.8,938.4,1027.8,45.7,227.6,0.8,11.8,0.8,12.3,0.9,10.9,0.8,12.6,1.2,19.8,1.3,21.6,1.1,14.7,1,15.5,2.8,20.5,2.8,17.1,1129.6,1173.4,159.2,165.7,1288.8,1339.1,126.8,130.6,1411.2,1411,1469.7,1469.5,1658.5,1657.3,1719.4,1717.6,615.4,614.6,284.8,285.1,149.6,149.8,608.7,606.9,669.6,667.9,20.9
59,2007-11-30,39.2,308.7,347.4,203.5,416.6,966.7,82.4,1049,39,343.8,962.6,1043.6,47.9,242.3,0.9,11.9,1,12.3,0.8,10.9,1.7,13.6,2.2,21.4,2.3,23.2,1.4,15.4,1.5,16.2,2.5,22.8,1.7,18.4,1163.5,1210.6,159.8,166.4,1323.3,1377,128.3,132,1447,1441.7,1509,1502.9,1685.6,1680,1750.1,1743.5,621.6,621.5,286.8,286.5,152.7,152.4,624.5,619.7,689,683.6,20
60,2007-12-31,40,310.5,350,212.1,422.8,984,81.4,1065.3,39.1,342.8,971.8,1059.2,51.8,232.3,0.8,11.8,0.8,12.4,0.7,10.8,0.9,13.7,1.6,22.1,1.8,24.1,1.1,15.6,1.2,16.5,1.3,22.9,1.5,19.1,1180.2,1227.9,162.9,170,1343.1,1398,129.5,133.3,1464.9,1460,1531.2,1525.6,1702.1,1699,1771,1766.9,627.6,627.6,289.6,289,154.4,154.1,630.5,628.8,699.4,696.2,20.9
61,2008-01-31,39.4,307.9,346.8,206.9,436.9,989.8,92.1,1081.9,39.3,345,984.3,1077.7,48.4,252.4,0.8,11.7,0.9,12.2,0.6,10.6,-0.2,12,1.3,22.2,1.1,23.8,0.9,15.4,0.9,16.2,1.3,23.4,1,18.9,1192.5,1244.9,164.5,170.7,1357,1415.5,130.1,133.8,1480.1,1478.3,1549.4,1545.9,1714.7,1716.4,1786.3,1786.3,632.2,633.3,291.1,290.8,153.4,153.6,637.9,638.6,709.6,708.5,21.7
62,2008-02-29,39.4,301.3,340.1,214.7,438,992,90.6,1082.7,39.4,343.4,992,1082.7,47,258.7,0.8,11.5,0.8,12,0.7,10.4,0.3,11.4,0.9,21,0.7,22.1,0.9,15,0.7,15.4,0.8,22.1,0.5,18.1,1203.7,1261.2,165.5,170.9,1369.2,1432.1,131.9,135.6,1497.1,1496.9,1567.8,1566.4,1727.7,1732.4,1800.7,1801.2,635.8,637.8,293,293.2,154.5,154.3,644.5,644.2,717.4,715.8,18.7
63,2008-03-31,39.3,300.5,339.3,212.6,447.9,999,90,1089,39.4,341.9,1000.6,1089,49,258.3,0.7,11.2,0.8,11.8,0.5,9.9,-0.2,10.2,1.1,20.3,1.1,21.6,0.6,14.3,0.8,15,1,21.6,0.7,17.7,1216.4,1273.4,167,172.4,1383.4,1445.7,133.3,137.1,1512,1514.8,1582.8,1585.8,1739.2,1742.2,1812.3,1815.7,641.1,642.7,294.6,295.1,153.1,154.1,650.3,650.4,723.5,723.8,17.4
64,2008-04-30,39.3,296.5,335.3,212.4,457.1,1004,87.2,1091.2,39.7,340.7,1013.1,1101.4,48.3,261.8,0.7,10.9,0.8,11.6,0.4,9.5,-0.1,9.4,0.7,18.8,0.3,19.5,0.7,13.6,0.5,14,0.7,20.8,0.6,17.2,1229.4,1287.2,166.6,171.6,1396,1458.8,135.1,138.9,1528.4,1531.8,1597.8,1601,1750.8,1755,1822.4,1827.3,646.7,648.3,295.8,296.8,153.3,153.9,655.1,655.8,726.6,727.9,16.9
65,2008-05-31,39.7,293.7,332.9,196.8,478,1006.9,94.6,1101.5,40.2,338.8,1016.5,1112.6,46.8,268.4,0.6,10.4,0.6,11.1,0.5,9,0.6,8.4,0.7,17.8,0.5,17.9,0.6,12.8,0.5,13,0.7,20.3,0.9,16.8,1241.4,1299,167.9,173,1409.3,1472,136.4,140.2,1544.1,1548.1,1612.2,1617.2,1762.6,1766.5,1832.9,1838.2,651.3,652,298.1,298.9,154.9,154.8,658.3,661,728.6,732.3,16.4
66,2008-06-30,39.8,312.8,350.8,201.9,481.9,1033.8,88.9,1122.6,40.1,347,1035.6,1124.4,46.5,263.9,0.6,9.6,0.7,10.5,0.4,7.9,-0.7,3.3,0.9,16.9,1,16.8,0.6,11.6,0.6,11.7,-0.2,17.2,-0.4,13.8,1266.6,1322.1,169.2,173.5,1435.8,1495.6,137.3,141.1,1570.7,1568.5,1636.7,1636.7,1785.4,1782.4,1853.5,1851.6,660.1,657.8,302.8,301.6,154.7,153.7,667.7,668.7,735.8,738.2,30.6
67,2008-07-31,40.4,308.5,346.9,204,502.6,1052.5,88.7,1141.2,40.4,347.7,1057,1143.2,47.2,257.1,0.5,9.2,0.5,10.1,0.3,7.5,-0.6,2.6,0.7,16.6,0.7,15.9,0.5,11.2,0.5,11.1,2.3,18.1,1.8,14.6,1272.5,1325.7,169.4,174,1441.9,1499.7,139,142.6,1578.6,1581.2,1642.3,1646.6,1790.6,1791.5,1856.6,1859.3,664.3,662.4,303.8,303.3,152.1,151.8,670.5,673.4,736.4,741,35.2
68,2008-08-31,40.8,310.3,349.6,212.4,508.4,1069.5,84.8,1154.4,41,350.7,1069.5,1150.9,47.7,248,0.4,8.8,0.4,9.6,0.4,7.1,-0.4,2.1,1,15.2,0.9,14.3,0.5,10.5,0.5,10.3,1.1,17,0.6,13,1287.6,1340.3,170.9,175.4,1458.5,1515.7,139.4,142.9,1595.9,1594.6,1658.6,1656.9,1803.6,1800.1,1868.5,1865.1,666.9,665.4,305.2,305.4,150.8,150.5,680.6,680.2,745.6,745.1,34.4
69,2008-09-30,40.7,319.4,358.6,215.8,517.2,1090.8,81.8,1172.6,40.6,355.8,1089.3,1168.1,50.5,255.8,0.5,8.5,0.6,9.3,0.3,6.7,0.2,2.1,0.9,14.2,1.4,13.8,0.6,10,0.8,10,1.4,17,1.2,13.9,1301.9,1361.8,169.7,174.8,1471.6,1536.6,139.7,143.2,1608.1,1610.3,1679.8,1682.2,1813.8,1814,1887.7,1888,673.3,672.1,307.5,307.8,149.5,150,683.5,684.5,757.4,758.8,37.3
70,2008-10-31,42.8,320.9,362.2,195.3,550.4,1107,77.8,1184.7,42.6,361.8,1103,1182.1,58.4,231.2,0.4,8,0.5,9,0.2,5.9,-1.5,-0.2,1.2,14.2,1.2,13.7,0.6,9.5,0.6,9.5,1.2,15.2,1.2,12.1,1320,1379.5,170.5,174.7,1490.5,1554.2,141.2,144.7,1627.5,1627.8,1699,1698.8,1828.2,1827.6,1901.8,1900.3,674.8,674.3,310.1,310.1,147.3,147.7,696,694.4,769.6,767.9,36.3
71,2008-11-30,43.4,347.5,389.5,208.3,539.2,1135.1,71.6,1206.7,43.2,384.8,1129.4,1200.1,57.3,241.3,0.5,7.6,0.7,8.8,0.1,5.2,-1.4,-3.2,0.7,12.6,0.6,11.8,0.5,8.5,0.4,8.3,1.3,13.8,0.8,11.1,1330.4,1391.8,170.4,174.5,1500.8,1566.3,142.2,145.8,1638.4,1633.1,1712,1705.7,1834.6,1828.5,1910.3,1903.4,660.8,661.1,325.5,325.2,145.3,145.1,703,697.3,778.7,772.3,33.9
72,2008-12-31,45.1,352.6,396.2,201.8,547.2,1143.4,68.5,1211.9,44,388.4,1130.8,1206.7,60.3,318.6,0.6,7.3,0.7,8.6,0.2,4.7,-0.9,-5,-0.4,10.3,-0.8,9,0,7.3,-0.1,6.9,0.7,13.1,0.5,10,1327.8,1388.6,168.4,173,1496.2,1561.7,143.8,147.4,1636.7,1632.2,1709.1,1704.2,1829.5,1827.5,1903.9,1900.5,665.5,666,327.7,326.9,143.7,143.5,692.5,690.8,766.9,764.1,32.1
73,2009-01-31,44.6,348.6,391.6,206.6,554.9,1150.5,76.6,1227.1,44.5,389.9,1144.9,1223.2,56.3,343.5,0.5,7,0.6,8.2,0.3,4.4,-0.3,-5.1,0.5,9.4,0.5,8.3,0.5,6.8,0.5,6.5,1.1,12.9,1.3,10.2,1335.5,1393.4,168.9,173.1,1504.3,1566.5,144.2,147.8,1645,1644.1,1714.3,1711.6,1833.5,1835.4,1904.9,1905.1,668.8,670.3,328.4,328,142.4,142.7,693.9,694.7,765.3,764.1,33.6
74,2009-02-28,44.8,349.6,392.6,207.9,564.5,1163.2,74.9,1238.1,44.9,396.2,1163.7,1237.9,55.7,328.1,0.4,6.6,0.7,8,0,3.6,-0.9,-6.3,-0.4,8,-0.4,7.2,0,5.8,0,5.7,1.5,13.7,1.1,10.9,1341.6,1398.6,168.5,172.6,1510.1,1571.2,145,148.5,1653.3,1653.6,1719.7,1718.7,1835,1836.2,1903.4,1904.3,673.1,675.3,328.6,328.8,141.7,141.4,691.6,691.6,760,758.5,39.3
75,2009-03-31,44.1,349.4,391.9,177.3,572.2,1139.7,78.5,1218.3,44.5,395,1142.9,1220.9,55.1,318,0.7,6.5,0.9,8.1,0.2,3.3,-0.6,-6.7,-0.7,6.1,-0.8,5.1,0.1,5.2,0,4.8,-0.1,12.5,0.1,10.3,1352.3,1407.2,163.1,167.2,1515.5,1574.4,145.7,149.2,1660,1662.5,1723.7,1726.2,1837.6,1840.7,1903.2,1906.4,682.4,683.6,328.8,329.3,136.6,137.4,689.8,690,755.4,755.8,47
76,2009-04-30,45.2,355.1,398.8,180.7,573.5,1151.2,75.8,1226.9,45.2,405.4,1160.4,1236,54.6,317,0.6,6.4,0.7,7.9,0.3,3.2,-0.4,-6.9,-0.5,4.8,-0.4,4.4,0.1,4.6,0.1,4.5,1.2,13,1,10.8,1358.4,1412.4,162.9,167.1,1521.4,1579.5,145.1,148.6,1665.5,1668.6,1728.2,1731.5,1839.4,1843.2,1904,1908.6,687.7,688.6,329.9,331.1,136.3,136.7,685.5,686.8,750.1,752,48.5
77,2009-05-31,44.7,362.7,406.1,182.1,570.1,1156.7,73.9,1230.6,45.3,413.1,1167.8,1242.6,53.1,327.9,0.6,6.4,0.7,8.1,0.2,2.9,-0.4,-7.8,-1.1,2.9,-1,2.8,-0.1,3.9,-0.1,3.8,0.8,13.1,0.4,10.1,1364.5,1418.3,159.7,163.7,1524.2,1582,145.7,149.3,1669,1672.8,1731.2,1736,1839.1,1842.5,1903.3,1908.2,693.8,693.7,331.4,332.5,135.7,135.4,678.2,681.5,742.4,746.5,56.7
78,2009-06-30,45.1,374.1,417.9,189.8,569.5,1175.7,71.8,1247.5,45.5,415.1,1179,1250.1,53.4,328.5,0.7,6.5,1,8.4,0.3,2.7,0.1,-7.1,-0.6,1.3,-0.7,1.2,0.2,3.4,0.1,3.3,0.8,14.2,0.8,11.5,1378.8,1432.9,159.5,163.4,1538.2,1596.4,145,148.5,1682.5,1679.5,1744.8,1744.1,1848.7,1845.3,1912.9,1910.7,703.4,700.7,334.2,333.5,136.5,135.3,674.6,675,738.8,740.8,64.7
79,2009-07-31,45.7,369.5,413.6,190.3,574.7,1177.1,70.1,1247.3,45.8,414.4,1181,1248.7,52.9,323.8,0.6,6.7,0.6,8.6,0.4,2.8,0.1,-6.4,-0.7,-0.1,-0.6,-0.2,0.1,3.1,0.1,2.9,0.4,12.1,0.1,9.6,1388.6,1442.8,156,160.1,1544.6,1602.9,145,148.6,1688.2,1689.8,1751.5,1754.9,1849.7,1849.9,1913.9,1915.9,707.9,706,335.4,335,135.6,135.3,670.9,673.1,735,739,68.4
80,2009-08-31,45.4,369.7,413.5,193.7,581.2,1187,65.8,1252.7,45.6,414.4,1185.3,1248.6,52.7,311.5,0.7,6.9,0.9,9,0.3,2.8,0.5,-5.6,0,-1.1,-0.4,-1.5,0.4,2.9,0.2,2.6,0.2,11.2,0,8.9,1405,1458.6,152.2,156.8,1557.2,1615.4,144.9,148.5,1701.5,1700.1,1763.9,1761.9,1858.8,1855.4,1922,1918.7,713.4,712,336.5,336.5,136.4,136.5,672.4,671.5,735.6,734.6,66.1
81,2009-09-30,45.6,375.2,419.1,186.2,583.4,1187.1,63.2,1250.4,45.5,415,1184.8,1245.2,53.2,318,0.7,7.1,0.8,9.2,0.6,3,0.2,-5.5,-1.1,-3,-1.1,-3.9,0,2.3,0,1.7,0,9.6,-0.3,7.3,1407.2,1459.5,150.5,155,1557.7,1614.5,144.1,147.6,1701.3,1702.9,1762.1,1763.8,1855,1854.8,1916.7,1916.6,718.3,717.7,338.5,338.3,134.8,135.4,663.4,663.6,725.1,725.7,64
82,2009-10-31,46.3,373.8,418.2,185,586.3,1188.1,59.6,1247.7,46,417.3,1183.6,1244.4,53.3,315.2,0.7,7.5,0.8,9.5,0.6,3.5,0.4,-3.7,-0.8,-5,-0.8,-5.8,0.2,1.9,0.1,1.3,-0.1,8.2,0,6.1,1418.3,1470,148,152.4,1566.3,1622.5,144.1,147.6,1709.5,1710,1770.1,1770.1,1860.3,1859.7,1921.8,1920.7,723.8,723.9,340.5,340.1,136.1,136.6,659.8,658.5,721.3,719.8,62
83,2009-11-30,45.8,371.6,415.7,182.1,592.3,1188.5,58.9,1247.4,45.5,410.7,1182.2,1240.8,53.1,325.2,0.7,7.6,0.6,9.3,0.8,4.2,0.4,-2,-1.4,-6.9,-1.2,-7.5,-0.1,1.3,0,0.8,-0.3,6.5,-0.2,5,1424.7,1473.7,153.2,158.2,1577.9,1631.9,143.3,146.7,1720.6,1716.1,1778.6,1773.2,1863.4,1858.3,1922.3,1916.4,728.3,729.3,342.8,342.4,137.5,137.4,654.8,649.8,713.7,708.1,70.2
84,2009-12-31,46.1,367.7,412.4,175.2,603.5,1189.4,47.5,1236.9,45,404.4,1178.4,1232.6,57.1,324.6,0.6,7.7,0.6,9.3,0.5,4.5,0.8,-0.2,0.5,-6,0.2,-6.6,0.6,1.9,0.5,1.4,-0.1,5.7,-0.1,4.4,1438.1,1486.2,152.4,157.1,1590.5,1643.3,141.6,145,1731,1727.7,1788.2,1784.9,1872.3,1871,1930.5,1928.3,734.3,735.2,345.3,344.4,138.2,138.1,654.4,653.3,712.6,710.8,69.7
85,2010-01-31,45.7,360.7,404.6,173.1,611.6,1187.9,49.1,1237,45.6,403.1,1183,1233.7,54.9,340.3,0.6,7.8,0.6,9.3,0.7,4.9,0.4,0.4,-0.2,-6.7,-0.2,-7.2,0.3,1.8,0.4,1.3,0.3,4.9,0.2,3.3,1444.2,1492.8,152.5,157.2,1596.7,1649.9,140.4,143.7,1735.9,1736,1793.6,1792,1875.1,1877.2,1933.8,1934.7,737.5,739.1,347.4,347,138.5,138.8,651.7,653,710.4,709.9,72.4
86,2010-02-28,46.4,359,403.6,169.3,623.4,1194.8,52.4,1247.2,46.5,407.3,1196,1247.3,53.4,335.7,0.7,8.1,0.7,9.3,0.8,5.8,0.2,1.5,-0.2,-6.5,0,-6.9,0.3,2.1,0.3,1.7,0.9,4.3,1,3.3,1453.8,1502.1,152.9,157.2,1606.7,1659.2,139.5,142.8,1745.1,1746.5,1802,1802.1,1882.5,1884,1940.3,1941.5,741.1,743,350.9,351.2,139.5,139,651,651.5,708.8,708,75.9
87,2010-03-31,46.2,361.3,406,171.7,631,1207.1,47.9,1255,46.4,409.5,1209.2,1256.9,55.2,333.8,0.8,8.2,0.7,9.1,0.8,6.4,0.1,2.3,-0.1,-6,-0.1,-6.2,0.4,2.5,0.4,2.1,1.3,5.7,0.9,4.1,1462.6,1509.1,150.8,155,1613.4,1664,138.5,141.8,1750.7,1753.1,1805.8,1807.8,1887.4,1890.8,1943.4,1946.1,746.7,747.2,354.1,355,138.9,139.4,647.6,648.1,703.6,704.2,70
88,2010-04-30,46.8,358.6,403.7,172.3,632,1206.5,48.4,1254.8,47.1,410.3,1217.2,1264.9,53.1,329.1,0.5,8.2,0.5,8.8,0.7,6.9,0.4,3.2,-0.4,-5.9,-0.4,-6.1,0.2,2.6,0.2,2.2,0,4.4,0.1,3.1,1469.4,1514.8,152.5,156.9,1621.9,1671.7,137.2,140.4,1758.3,1760.8,1812.1,1814.9,1891.1,1894.4,1945.8,1949.7,750.6,750.4,356.7,358.3,140,140.1,643.9,645.4,698.6,700.6,73.5
89,2010-05-31,45.7,360,404.1,172.7,635.7,1210.9,44.5,1255.4,46.2,410.5,1221.5,1266,53.1,323,0.6,8.2,0.6,8.7,0.6,7.3,-0.4,3.1,0.2,-4.6,0.3,-4.9,0.4,3.2,0.5,2.8,0.6,4.2,0.3,3.1,1479.2,1524,153.2,157.9,1632.4,1681.9,136.2,139.4,1767.7,1770.6,1821.3,1824.8,1897.5,1900.2,1952.1,1955.8,756.1,754.9,359.6,360.9,140.2,140,641.7,644.8,696.3,699.6,72.9
90,2010-06-30,46.3,370.3,414.9,175.2,639.5,1228.1,45.5,1273.6,46.6,413.8,1231.6,1276.5,54,318.9,0.5,8,0.5,8.1,0.7,7.8,0,3,0.1,-3.9,0.1,-4.1,0.3,3.3,0.3,3,0.7,4.1,0.9,3.2,1493.2,1536.2,153.9,158.9,1647.1,1695.1,135,138.1,1781.1,1777.3,1833.2,1831.4,1910.5,1906.4,1963.6,1961,762.1,759.2,363.6,363.4,141.4,140.3,643.4,642.7,696.5,697.5,72.2
91,2010-07-31,46.8,377.3,422.4,169.6,649,1239.9,45.3,1285.2,46.9,422.9,1242.6,1286.1,54.1,334.3,0.5,8,0.5,8,0.5,7.9,0.2,3.2,-0.3,-3.5,-0.3,-3.9,0.3,3.5,0.2,3.1,1,4.7,0.8,4,1496.4,1538.4,155.9,161,1652.3,1699.4,133.4,136.5,1784.8,1785.3,1835.9,1838.1,1912.7,1911.8,1964.7,1965.8,765.3,764,365.4,365.1,140.6,140.4,641.3,642.5,693.3,696,76
92,2010-08-31,46.7,381.9,427,167.9,661.8,1255.8,45.5,1301.2,46.9,427.6,1253,1296.8,54,335.5,0.6,7.9,0.6,7.7,0.7,8.4,-0.1,2.5,-0.4,-3.9,-0.5,-3.9,0.2,3.3,0.2,3,0.7,5.1,0.7,4.7,1503.4,1546.1,156,160.6,1659.5,1706.7,133.6,136.5,1791.6,1789.8,1843.3,1841.2,1918.4,1915.5,1971,1968.1,768.7,768.2,367.7,366.8,138.1,138.5,643.9,642.5,696.5,695.2,76.7
93,2010-09-30,47.1,390.6,436.3,160.6,668.3,1264.3,45.1,1309.4,47,431.2,1260.8,1303.7,54.3,337.6,0.5,7.6,0.5,7.3,0.5,8.3,0.5,2.8,-0.5,-3.3,-0.7,-3.5,0.1,3.4,0,3.1,0.7,5.9,0.6,5.6,1505.9,1547.4,155.6,159.9,1661.5,1707.3,133,136,1793.2,1794.2,1843.3,1844.3,1919.3,1919,1970.4,1970.1,771.4,772,369.5,368.6,137.9,138.6,640.5,640,691.6,691.5,71.5
94,2010-10-31,47.3,388,433.7,168.6,676.7,1278.2,38.4,1316.6,47,432.6,1273.9,1313,54.3,345,0.5,7.4,0.5,7,0.6,8.3,0,2.5,-0.2,-2.7,-0.2,-2.9,0.3,3.5,0.2,3.3,1,7.1,0.7,6.3,1514.4,1555.8,156.3,161,1670.7,1716.7,131.1,134.2,1800.5,1801.2,1850.9,1851.1,1925.1,1924.6,1976.4,1975.8,775.3,776.3,371.5,370.5,138,138.5,640.3,639.5,691.7,690.6,75
95,2010-11-30,46.9,393.4,438.9,175.9,686.1,1299.9,33.7,1333.7,46.6,434,1294.3,1328.1,54.2,324,0.5,7.2,0.5,6.9,0.5,7.9,0.3,2.4,0,-1.4,-0.1,-1.8,0.3,3.8,0.3,3.6,1.4,8.9,1.2,7.7,1527.2,1568.5,156.9,161.8,1684.1,1730.3,130.3,133.5,1813.5,1810.2,1863.8,1859.9,1934.9,1931.3,1986.1,1981.6,779.5,781,373.2,372.6,139.3,139.2,642.8,638.9,694.1,689.5,76.4
96,2010-12-31,47.9,399,445.5,172.2,695.3,1312,30.8,1342.8,46.9,437.2,1302.3,1338.5,58.1,322.1,0.6,7.2,0.6,6.8,0.5,7.9,-0.3,1.3,-0.2,-2.1,-0.1,-2.2,0.3,3.5,0.3,3.4,0.7,9.7,0.5,8.4,1534.3,1575.1,156.2,161.5,1690.5,1736.6,127.9,131,1817.3,1815.1,1867.6,1865.5,1937,1936.2,1988.4,1987,785.1,785.9,375.4,374.6,139.2,139.1,637.2,636.4,688.6,687.4,72.8
97,2011-01-31,47.3,397.1,443,174.4,699.7,1316.2,29.8,1346,47.3,441.4,1311.5,1343.2,55,319.3,0.5,7.1,0.5,6.8,0.5,7.7,0.1,0.9,-0.1,-2,-0.3,-2.2,0.3,3.5,0.3,3.3,0.7,10.1,0.3,8.4,1538.7,1580.1,156.2,161.5,1694.9,1741.6,125.9,129,1820.1,1821.2,1870.6,1870.3,1938.7,1941.1,1990.3,1991.8,788.4,789.6,377,376.8,138.7,139.1,634.6,636.4,686.2,686.6,71.2
98,2011-02-28,47.1,395,440.5,175.3,708.2,1323,32.7,1355.8,47.3,444.6,1325.2,1356.7,54.4,317.5,0.4,6.8,0.5,6.6,0.4,7.3,0,0.8,0.5,-1.3,0.6,-1.6,0.4,3.6,0.4,3.4,0.8,10,0.9,8.3,1550.3,1592.1,156.4,161.6,1706.7,1753.7,125.4,128.5,1831,1833.2,1882.2,1883.2,1947.6,1949.5,2000,2001.5,791.9,793,378.2,379,139.5,139,638,639,690.3,690.3,75.7
99,2011-03-31,47.3,397.1,442.9,177.7,711.3,1330.7,29.7,1360.4,47.8,446.9,1334.4,1364.7,54.4,323.8,0.4,6.5,0.4,6.2,0.4,6.9,0.3,1,0.6,-0.6,0.7,-0.8,0.5,3.7,0.5,3.5,0.7,9.4,0.6,7.9,1563.4,1606.4,158.9,164.1,1722.4,1770.5,125,128.1,1846.4,1848.9,1898.6,1900.4,1956.6,1960,2009.8,2012.1,795.2,794.8,380,381.5,139.8,139.9,641.6,642.4,694.8,695.5,79.7
100,2011-04-30,47.7,397.3,443.3,173.5,716.9,1332.4,28.6,1361,47.8,450.1,1341.9,1369,56.6,324.2,0.4,6.3,0.5,6.3,0.3,6.4,0,0.7,-0.3,-0.5,-0.7,-1.1,0.1,3.6,0,3.3,0.5,9.9,0.4,8.2,1567.6,1607.6,158.6,163.8,1726.1,1771.3,124.3,127.3,1850,1851.9,1898.7,1901,1958.9,1961.4,2008.7,2011.8,799.2,797.8,381,383.3,140,140,638.8,640.4,688.5,690.5,80.6
101,2011-05-31,47.2,395.2,440.8,178,720.3,1338.1,31.2,1369.3,47.7,447.3,1347.7,1378.4,54.2,318.1,0.5,6.2,0.5,6.2,0.4,6.2,0,1.1,-0.1,-0.8,-0.2,-1.6,0.3,3.4,0.3,3.1,0.4,9.8,0.6,8.5,1575.2,1614.5,159.9,164.8,1735.1,1779.3,123.5,126.4,1858.1,1860,1905.7,1907.7,1965.6,1967.6,2014.3,2016.5,803.9,801.8,383.1,384.7,140.4,140.3,638.2,640.8,686.9,689.3,84.5
102,2011-06-30,47.6,391.9,438.1,170,733,1339.9,28.9,1368.8,48,437.9,1343.5,1372.5,54.6,368.2,0.4,6.1,0.5,6.1,0.4,5.9,-0.5,0.7,-0.5,-1.5,-0.9,-2.6,0.1,3.1,-0.2,2.6,-0.2,8.7,-0.3,7.2,1587.3,1622,159.4,163.9,1746.8,1785.9,122.9,125.9,1869,1864.4,1911.8,1908.9,1975.2,1970.2,2018.9,2015.4,807,804.2,380.2,380.2,140.4,139.4,647.6,645.9,691.3,691.2,104.8
103,2011-07-31,48.1,386.7,433,174.7,744.9,1351.6,30.3,1381.9,48.2,432.9,1352.7,1382,54.9,367.3,0.5,6,0.5,6.1,0.5,5.8,-0.2,0.2,0.3,-0.9,0.2,-2.1,0.4,3.3,0.3,2.7,0.9,8.6,0.8,7.2,1590.9,1625.1,159.8,164,1750.6,1789.1,121.9,124.9,1872.2,1871.4,1914,1914.7,1978.7,1976.8,2021.5,2021.5,810.4,810.1,381.6,380.9,138.9,138.8,647.8,648,690.6,692,103.7
104,2011-08-31,48,392.7,438.9,179.6,759.5,1376.9,29.3,1406.2,48.2,439.3,1373.3,1401.7,55.8,357,0.4,5.8,0.5,6.1,0.4,5.4,-0.7,-0.4,0.3,-0.1,0.1,-1.4,0.3,3.4,0.3,2.8,1.3,9.3,1.3,7.9,1600.6,1638.3,159.5,163.3,1760.2,1801.6,121.8,124.8,1881.6,1879.9,1926.3,1924.7,1986,1984,2031.6,2029.5,813.2,814,383.5,381.4,137.8,138.5,651.6,650.2,697.2,696.1,107.1
105,2011-09-30,48.8,401.7,448.7,174.6,766,1388.2,30.8,1419,48.7,442.9,1383.8,1412.7,56.1,346.4,0.5,5.8,0.4,6,0.5,5.3,0.2,-0.7,0.6,1,0.6,-0.1,0.5,3.7,0.5,3.3,0.8,9.5,0.9,8.2,1612.3,1649.7,158,161.9,1770.3,1811.6,121.7,124.5,1891.7,1892.3,1936.2,1936.8,1994.4,1994.1,2039.7,2039.5,815.7,817.6,385.5,383.8,137.4,138,655.8,654.9,701.2,700.6,115.5
106,2011-10-31,49.7,399.8,447.5,174.6,773,1394.2,29.8,1424,49.3,446.3,1390.4,1420.2,56.7,355.8,0.4,5.7,0.5,6,0.3,5.1,-0.1,-0.9,0.1,1.3,0.1,0.2,0.3,3.8,0.3,3.3,0.5,9,0.5,8,1620.7,1658.7,157.4,161.4,1778.1,1820.2,120.9,123.8,1898.6,1899.2,1944,1944.4,2000,1999.8,2046.3,2046.2,819,820.8,387,385.6,137.3,137.6,656.7,656,702.9,702.3,113.6
107,2011-11-30,50.2,403.1,451.3,176.2,773.5,1400.1,29.8,1429.9,49.9,447.4,1396,1426,57.2,345.9,0.4,5.6,0.4,6,0.4,5,0.1,-1.1,0.6,1.9,0.4,0.7,0.4,3.9,0.4,3.5,0.5,8,0.5,7.3,1629,1667.4,158.5,162.5,1787.6,1830,120.5,123.9,1907.8,1905.7,1953.8,1951.4,2009.2,2006.7,2056.1,2052.9,821.2,822.7,385.4,384.7,135.3,135.1,667.2,664.3,714.1,710.6,111.9
108,2011-12-31,50.8,405,453.9,178.9,783.2,1415.1,26.9,1442,49.8,445.5,1406.6,1436.9,60.6,341.9,0.4,5.4,0.3,5.7,0.4,4.8,-0.2,-0.9,0.2,2.4,0.2,1,0.3,3.9,0.3,3.4,0.9,8.2,0.8,7.5,1641,1678.8,152.6,156.8,1793.6,1835.6,120,123.4,1913.4,1912.1,1958.9,1957.8,2012.9,2012.2,2059.4,2058.6,824.7,825.1,386.9,386.4,135.4,135.1,665.9,665.5,712.3,711.7,108.8
109,2012-01-31,49.5,400.5,448,179,794.7,1420.9,29.3,1450.2,49.5,446.5,1416.7,1447.7,58,341,0.4,5.3,0.5,5.6,0.4,4.7,-0.1,-1.1,-0.2,2.3,-0.2,1,0.2,3.9,0.2,3.4,0.7,8.2,0.7,8,1643.1,1682,152.4,156.2,1795.5,1838.3,119.5,122.8,1914.8,1916.5,1961.1,1961.7,2013.1,2016,2060.2,2062.4,828,828.5,388.1,388.4,134.6,135,662.4,664.8,709.5,710.7,102.8
110,2012-02-29,49.3,393.1,440.4,181.2,800.5,1421.3,29.6,1450.8,49.6,444.7,1424.1,1452.5,56.8,332,0.4,5.3,0.4,5.5,0.5,4.9,0.2,-0.9,0.3,2,0.5,0.9,0.5,3.9,0.4,3.4,0.6,7.9,0.3,7.4,1652.9,1692.6,151.5,155.5,1804.4,1848.2,119.4,122.5,1923.6,1926.3,1970.7,1972.2,2021.1,2026.8,2069.1,2070.8,830.8,830.8,389.8,391.2,135.7,135.1,664.8,666.2,712.8,713.2,100.7
111,2012-03-31,49.9,393,441,184.6,805.3,1429.9,25.7,1455.6,50.3,444.8,1434.1,1460.6,57.5,335.6,0.4,5.3,0.3,5.4,0.5,5,-0.1,-1.4,0.7,2.1,0.7,1,0.4,3.8,0.5,3.3,0.7,7.9,0.7,7.4,1663.6,1703.8,151.4,155.5,1815,1859.3,119.8,122.9,1934.5,1936.9,1982.2,1983.9,2030.6,2033.4,2079.2,2081.2,833.5,832.2,391.9,394,135.2,135.1,670.1,671,718.7,719.4,108.4
112,2012-04-30,50.2,393.9,442,178.1,810.8,1430.1,23.7,1453.8,50.4,448,1438.7,1460.9,58,334,0.4,5.2,0.3,5.3,0.5,5.2,-0.1,-1.5,0.8,3.3,0.5,2.2,0.5,4.1,0.4,3.7,0.2,7.5,0,7,1677.7,1716.4,148.8,152.5,1826.6,1868.9,119.3,122.4,1945.6,1947.2,1991.3,1993.2,2041.5,2043.7,2088,2090.5,836.4,834.2,393.7,396.5,135.1,135.1,676.3,678,722.8,724.6,106.2
113,2012-05-31,50.5,399.1,447.7,179.2,823,1448.9,22.5,1471.4,51,453.7,1457.3,1479,57.5,334.4,0.4,5.1,0.3,5.1,0.4,5.2,0.2,-1.3,0.6,4,0.6,3,0.4,4.3,0.5,4,1.2,8.4,1.2,7.6,1689.2,1728.8,149.5,153.1,1838.7,1881.8,119.3,122.1,1957.6,1958.7,2003.9,2004.8,2052.8,2054.2,2100,2101,840,837.3,396.3,398,135.3,135.5,681.3,683.3,728.5,730,110.7
114,2012-06-30,51.1,411.3,460.3,177.5,824.9,1461.9,22.5,1484.3,51.4,460.5,1465.4,1488.5,58.1,334.4,0.3,5,0.3,4.9,0.4,5.2,-0.3,-1.2,0.4,4.9,0.4,4.4,0.3,4.5,0.3,4.4,0.6,9.3,0.7,8.7,1701.5,1740.3,148.7,152.5,1850.2,1892.7,119,121.8,1968.8,1963.8,2014.5,2010.9,2064.1,2058.4,2110.7,2106.5,844.5,842.2,399.1,399,135.3,134.6,685.2,682.6,731.8,730.8,112.6
115,2012-07-31,51.2,424.3,473.5,178,822.4,1473,23.5,1496.6,51.3,473.2,1472.3,1495.9,58.4,329,0.4,4.9,0.3,4.7,0.5,5.2,-0.1,-1.1,0,4.5,0,4.2,0.2,4.3,0.2,4.2,0.6,9,0.5,8.4,1704.8,1744.4,148.6,152.5,1853.4,1896.9,118.3,120.7,1971.1,1969.7,2017.6,2017.2,2065.1,2063.2,2112.4,2111.6,834.4,835.4,416.8,415.2,129.7,129.8,684.2,683.5,731.5,731.7,119
116,2012-08-31,51.9,427.9,477.7,179.7,830.2,1486.6,22.4,1509,52,478.2,1482.9,1504.8,58.8,330,0.4,4.8,0.3,4.5,0.5,5.3,-0.4,-0.8,0.2,4.4,0.4,4.4,0.3,4.3,0.3,4.3,0.6,8.2,0.6,7.6,1710.2,1749.2,149.2,152.9,1859.3,1902.1,117.5,119.8,1976.3,1975.1,2021.9,2021.1,2069.7,2068.7,2116.2,2115.1,836.3,838.4,418.5,415.2,129,129.8,686,685.2,732.5,732.1,125.8
117,2012-09-30,52.5,437.1,487.4,174.4,832.8,1493.5,24.1,1517.6,52.4,481.3,1488.5,1511.1,59.4,336.7,0.4,4.7,0.4,4.5,0.4,5.2,0.3,-0.7,0.2,3.9,0.2,4,0.3,4.1,0.3,4.1,0.4,7.7,0.5,7.1,1714.2,1752.8,150.4,154.2,1864.5,1907,117.4,119.8,1981.5,1981.7,2026.9,2027.2,2074.3,2073.4,2120.5,2120.4,837.2,840.2,419.2,416.7,128.9,129.4,688.9,687.7,735.2,734.4,135.4
118,2012-10-31,52.4,431.5,481.8,173,844.9,1498.8,22.2,1521,52,480.4,1495.5,1517.2,59.9,336.6,0.3,4.6,0.3,4.3,0.4,5.3,0.2,-0.4,-0.3,3.5,-0.2,3.6,0.1,3.9,0.1,4,0.5,7.7,0.3,6.9,1719,1757.4,150.3,153.9,1869.4,1911.3,116.4,118.7,1984.7,1985.2,2030,2030.5,2075.8,2076.2,2121.8,2122.1,839.8,842,420.9,419.2,129.1,129.3,686,685.4,732,731.7,133.2
119,2012-11-30,52.9,435.2,486.1,174.6,842.6,1502.2,21.8,1524.1,52.4,482.8,1500.1,1522.1,61,334.8,0.4,4.6,0.3,4.2,0.5,5.4,-0.2,-0.7,-0.2,2.7,-0.3,2.9,0.2,3.6,0.1,3.7,0.4,7.5,0.3,6.7,1724.6,1762.5,151.1,154.8,1875.7,1917.3,116.1,118.4,1991.2,1990,2035.7,2034.3,2081.5,2080,2126.7,2124.7,843,844,423,422.8,129.8,129.4,685.7,683.7,730.9,728.4,138.3
120,2012-12-31,53.8,451.6,503.5,171.7,842,1516.1,20.8,1536.9,52.7,494.6,1508.4,1530.9,63.6,337.5,0.3,4.5,0.2,4.1,0.4,5.5,0.2,-0.3,0.4,2.9,0.5,3.2,0.3,3.7,0.4,3.8,0.6,7.2,0.6,6.6,1732.6,1771.4,150.4,154,1883,1925.4,115.3,117.7,1997.6,1996.7,2043.1,2042.2,2086.3,2085.4,2132.6,2132.1,845.9,845.4,424.4,424.4,130.3,129.6,685.8,685.8,732.1,731.8,140.3
121,2013-01-31,53.1,452.4,503.7,168.5,852.2,1523.3,18.1,1541.4,53.1,501.8,1519.1,1538.8,61.2,336,0.4,4.4,0.3,3.9,0.5,5.6,-0.1,-0.3,-0.2,2.9,-0.2,3.3,0.2,3.6,0.2,3.7,0.6,7.2,0.4,6.3,1736.6,1776.2,150.4,153.8,1887,1929.9,114.2,116.5,2000.5,2002.4,2046.5,2047.5,2087.5,2090.5,2134.3,2136.6,847.8,847.4,426.2,427.2,129.6,129.8,683.9,686.5,730.7,732.3,139.6
122,2013-02-28,53.2,451.9,503.2,164.7,851.7,1518.5,16.8,1535.3,53.5,508.3,1521.9,1537.7,60.7,326.6,0.4,4.4,0.3,3.8,0.6,5.7,0.2,-0.3,-0.2,2.4,0,2.7,0.2,3.3,0.2,3.5,0.3,6.9,-0.1,5.9,1742.1,1782.9,150.5,153.5,1892.6,1936.4,113.2,115.5,2005,2007.5,2051.9,2053.3,2091.8,2093.5,2139.4,2140.9,850.2,849.3,426.9,429,131.6,131,683.1,684.4,730.6,731.1,144.6
123,2013-03-31,53.5,458.3,510,167.1,852.7,1528.6,16.9,1545.5,53.5,514.3,1531.8,1549.2,61.8,328.8,0.4,4.4,0.4,3.9,0.4,5.6,0.1,-0.1,0.1,1.8,0.1,2,0.3,3.3,0.3,3.3,0.7,6.9,0.8,6,1752.1,1792.7,149.2,152,1901.2,1944.7,111.8,114.1,2012.4,2014.8,2058.8,2060.4,2098,2100.2,2145,2146.6,853.2,851.6,428.8,431.4,131.4,131.2,684.5,685.5,731.5,732.1,148.8
124,2013-04-30,53.3,459.5,511,171.6,855,1536.5,18.1,1554.7,54,517,1546.1,1563,61.1,335.4,0.4,4.5,0.4,3.9,0.5,5.6,0,0.1,0.2,1.2,0.2,1.7,0.3,3.1,0.3,3.3,0.6,7.3,0.6,6.7,1761.6,1801.8,149.3,151.9,1910.8,1953.7,110.7,112.9,2020.7,2022,2066.6,2068.4,2105.2,2107.3,2151.7,2153.9,856.7,854.1,431.1,434.2,131.3,131.5,686.1,687.4,732.6,734.1,149.8
125,2013-05-31,53.9,467,519.3,175,860.1,1553.3,11.5,1564.9,54.4,526,1560.8,1571.7,61.2,336.2,0.4,4.5,0.4,4,0.5,5.7,0,-0.1,0.3,0.9,0.2,1.3,0.3,3,0.4,3.1,1,7.1,0.7,6.2,1771.7,1812.1,148.6,151.3,1920.3,1963.4,109.9,112.1,2029.4,2030.1,2075.6,2076,2114.7,2115.6,2161.6,2162,860.2,857.7,433.8,435.6,131.5,131.9,689.2,690.4,736.1,736.8,152.7
126,2013-06-30,54.4,478.2,530.8,173.9,853.8,1557.5,10.6,1568.3,54.8,530.7,1561.3,1572.9,61.4,330.6,0.4,4.6,0.3,4,0.5,5.8,0.1,0.3,0.6,1.1,0.4,1.3,0.4,3.2,0.3,3.2,0.1,6.5,0.1,5.5,1786.7,1825.9,148.1,150.8,1934.8,1976.8,108.5,110.7,2042.8,2037.8,2087.5,2083.4,2128.2,2122,2173.5,2168.6,857.7,856.1,444.8,444,132.1,131.6,693.6,690.8,738.9,737.5,152.6
127,2013-07-31,55,477.8,530.7,176.5,862.8,1568.9,11.9,1581,55.1,529.8,1565.7,1578.8,62.2,340.7,0.5,4.7,0.4,4.1,0.6,5.9,0,0.4,0.2,1.3,0.2,1.5,0.4,3.3,0.4,3.4,0.4,6.3,0.4,5.4,1792.1,1832.2,147.6,150.2,1939.7,1982.4,107.1,109.3,2046.3,2044.8,2091.7,2090.8,2130.4,2129,2176.4,2175.4,825.9,827.9,473.2,470.6,138,138.3,693.3,692.4,739.3,738.9,157.3
128,2013-08-31,55.8,480.6,534.3,173.3,864.2,1570.6,13.4,1584.3,56,535,1567,1580.5,62.8,341.6,0.4,4.8,0.3,4.2,0.6,6.1,-0.1,0.8,0.2,1.3,0.2,1.4,0.3,3.4,0.3,3.4,0.1,5.8,0.1,5,1802.7,1843.5,144.3,146.6,1947,1990.2,105.4,108.1,2051.9,2051.7,2098.3,2098.5,2135.8,2135.7,2182.8,2183,828.3,831.1,475.6,471.4,142.7,143.7,689.2,689.2,736.2,736.7,157
129,2013-09-30,55.7,494.2,547.6,168.1,868.6,1583.4,14,1597.6,55.6,541.6,1578.3,1591.5,63.1,358.5,0.5,4.9,0.4,4.2,0.6,6.3,0.2,0.7,-0.2,0.9,-0.1,1,0.2,3.3,0.2,3.3,0.7,6,0.7,5.2,1809.1,1852.4,144,146.4,1953.1,1998.8,105.1,107.1,2057.8,2058,2105.9,2106.1,2140.9,2140.6,2189.6,2189.6,830.6,834,478.4,475.4,142.7,143,689.2,688.1,737.9,737,166.7
130,2013-10-31,56.4,498.6,552.9,169.2,871.3,1592.5,12.9,1605.6,56,551.4,1589.8,1602.1,63.7,356,0.5,5,0.3,4.2,0.7,6.6,-0.1,0.4,0.1,1.3,0,1.3,0.3,3.5,0.3,3.5,0.7,6.3,0.7,5.6,1817.3,1859.7,144.3,146.5,1961.5,2006.2,104,105.9,2065.2,2065.2,2112.1,2112.3,2147.5,2147.7,2195.1,2195.4,832.2,834.3,482,480.4,143.5,143.5,690,689,737.5,737.1,167.5
131,2013-11-30,56.9,505.8,560.4,170.9,869.9,1600.3,10.9,1611.4,56.5,557.5,1599.9,1610.9,77.4,353.8,0.5,5.2,0.4,4.2,0.8,6.9,0.1,0.7,0.1,1.6,0.2,1.8,0.4,3.7,0.4,3.7,0.7,6.7,0.5,5.8,1828.4,1872.4,144.8,146.9,1973.1,2019.3,102.8,104.8,2075.7,2074.7,2124.1,2122.9,2157.2,2156,2206.2,2204.8,835.8,836.2,485.8,486,144.4,143.9,691.2,690.1,740.1,738.5,166.2
132,2013-12-31,57.7,521.5,576.9,168.5,876.3,1620.6,9.2,1630.1,56.5,567.2,1613.7,1623.6,88.5,351.7,0.6,5.4,0.4,4.4,0.8,7.3,0.2,0.7,0.2,1.4,0.3,1.6,0.4,3.8,0.5,3.8,0.6,6.7,0.6,5.8,1842.6,1888.2,145,147.1,1987.6,2035.3,100.6,102.6,2088.2,2087.2,2137.9,2136.9,2169.3,2168.4,2219.5,2218.9,838.8,837.7,490.9,491.6,145.3,144.3,694.2,694.5,744.5,744.5,164
133,2014-01-31,57.1,517.2,572,171.8,883.9,1626.9,4.3,1631.5,57,569.8,1622.2,1628.2,86.2,347,0.6,5.6,0.4,4.6,0.8,7.6,0.2,0.9,0.2,1.7,0,1.8,0.4,4.1,0.4,4,0.6,6.7,0.6,6,1850.7,1896.6,140.9,142.9,1991.7,2039.5,99.2,101.1,2090.8,2092.5,2140.6,2141.6,2170.7,2173.1,2221,2223,839.5,838.3,494,495.4,144,144.1,693.2,695.3,743.6,745.1,166.3
134,2014-02-28,56.6,513,567.3,176.2,885.6,1628.4,5.7,1634.3,57,573,1632.1,1637.4,85.4,356.6,0.5,5.8,0.4,4.7,0.7,7.8,-0.1,0.6,0.3,2.2,0.4,2.2,0.4,4.3,0.4,4.2,0.7,7.1,0.6,6.6,1862.1,1908.7,140.8,142.7,2002.9,2051.5,98.4,100.3,2101.3,2103.1,2151.8,2152.7,2180.2,2181.4,2231.3,2232.2,842.5,841.1,496.8,499.5,144.7,144.1,696.2,697.3,747.2,747.4,170.5
135,2014-03-31,56.9,519.1,573.7,177.6,881,1631.5,6.3,1638,57.5,578.3,1638.1,1645.4,85.3,353.9,0.5,5.9,0.4,4.7,0.7,8.1,-0.1,0.4,0.4,2.5,0.4,2.6,0.4,4.4,0.4,4.4,0.3,6.7,0.5,6.3,1871.2,1919,141,142.9,2012.2,2061.9,96.5,98.4,2108.8,2111.2,2160.3,2162,2188.8,2190.5,2240.9,2242.3,845.3,843.6,500.3,503.4,144.4,144.2,698.9,699.7,750.9,751.4,177
136,2014-04-30,57.3,524.6,579.6,182.1,881.4,1642.2,6.5,1649,57.4,585.6,1647.9,1653.3,86.4,354.9,0.6,6.1,0.5,4.8,0.8,8.4,0.2,0.6,0.2,2.6,0.4,2.7,0.5,4.6,0.5,4.6,0.7,6.8,0.6,6.3,1882.7,1929.9,141.1,143.1,2023.9,2073,95.2,97.1,2118.9,2120.2,2170,2172.2,2198.3,2200.1,2250,2252.1,849.6,847.1,504.2,507.7,144.5,144.9,700.1,700.9,751.7,752.9,177.7
137,2014-05-31,58.2,526.3,582.2,188,884.3,1653.6,7.2,1661.2,58.7,589.1,1661.1,1667.8,84.4,361.6,0.6,6.2,0.4,4.8,0.8,8.7,-0.1,0.4,0.1,2.4,0.3,2.8,0.4,4.6,0.5,4.7,0.7,6.5,0.8,6.4,1894.2,1943,141.4,143.2,2035.6,2086.3,94,95.9,2129.5,2130.5,2182.2,2183,2208.1,2208.6,2261.3,2261.8,853.3,851.4,508.8,510.5,144.3,144.9,701.8,702.4,755,755.3,185.1
138,2014-06-30,57.6,545,600.2,186.1,879.6,1665.3,6.3,1672,58,599.4,1669,1676.6,85.6,366.5,0.6,6.4,0.4,4.9,0.8,9,0.4,0.7,1.1,2.9,1,3.5,0.7,4.9,0.7,5.1,0.6,6.9,0.6,6.9,1916,1964.7,142.5,144.5,2058.4,2109.1,92.8,94.5,2151.3,2146.9,2203.6,2199.7,2230,2224.3,2282.9,2277.7,858.5,857.4,514.2,512.5,145.6,145.2,711.8,709.4,764.7,763.2,184.7
139,2014-07-31,58.3,547.4,603.3,192.2,891.6,1686.3,4.9,1691.6,58.4,601.9,1680.5,1687.5,86.5,367,0.5,6.5,0.4,4.9,0.8,9.3,0.2,0.9,0.2,2.9,0.2,3.4,0.4,5,0.4,5.1,0.6,7.2,0.6,7.1,1924.1,1973.5,141.7,143.8,2065.9,2117.3,91.6,93.3,2157.6,2156.4,2210.6,2209.6,2235.1,2234.5,2288.7,2287.8,860.4,863.1,517.9,514.4,144.5,145,712.4,711.8,765.9,765.3,193
140,2014-08-31,58.9,548.5,605,192.3,900.6,1697.3,4.8,1702.5,59,605.9,1693.8,1699,86.7,346.7,0.5,6.6,0.4,5,0.8,9.5,0.1,1.1,0,2.7,0.1,3.3,0.4,5,0.4,5.1,0.8,8,0.7,7.8,1933.2,1981.7,141.8,143.9,2075.1,2125.6,90.2,92,2165.5,2166,2217.6,2218.5,2241.7,2242.6,2294.4,2295.7,863.1,866.3,521.6,517.1,144.3,145.4,712.6,713.6,765.3,766.6,197.4
141,2014-09-30,59.3,562,618.7,193.7,899.1,1710.8,3.7,1714.9,59.2,613.1,1706,1709.6,87.1,325.6,0.6,6.8,0.4,5,0.9,9.8,0.2,1.1,0.3,3.3,0.3,3.8,0.5,5.3,0.5,5.4,0.7,8.1,0.6,7.7,1946.5,1995,141.3,143.5,2087.8,2138.5,88.6,90.4,2176.6,2176.7,2228.9,2229,2253.1,2253.6,2306,2306.4,866,869.7,525.9,522.8,144.4,144.7,716.8,715.8,769.6,768.9,202.2
142,2014-10-31,60.2,561.1,618.9,196.3,900.2,1714.8,6.8,1721.9,59.9,617.1,1712.4,1718.6,88.2,333.3,0.6,6.9,0.4,5,0.9,10,0.2,1.4,0.5,3.7,0.6,4.4,0.5,5.5,0.6,5.7,0.4,7.7,0.6,7.5,1963.4,2013,139.9,142,2103.3,2155,86.5,88.4,2190.1,2189.4,2243.4,2243,2265.6,2265.5,2319.4,2319.6,869.6,871.6,530.6,529.5,144.7,144.7,720.7,719.3,774.6,773.9,202.6
143,2014-11-30,60.3,567.6,625.3,195.3,896.2,1716.2,5.5,1722,59.9,622.3,1716.8,1722.1,88,343.6,0.6,7,0.4,5.1,0.9,10.2,0,1.3,0.5,4,0.4,4.6,0.5,5.6,0.5,5.8,0.2,7.3,0.2,7.2,1974.9,2025.4,140.5,142.6,2115.4,2167.9,85.8,87.6,2201.5,2200.2,2255.5,2254.1,2278.1,2276.5,2332.7,2331.5,873.9,873.7,535.5,536.3,145.5,144.8,723.1,722.5,777.7,776.7,207.3
144,2014-12-31,62,584.1,643.6,195.3,898.3,1736.4,6.1,1742.8,60.8,633.9,1731.2,1737.3,92.3,333.8,0.6,7,0.4,5.1,0.9,10.3,0,1.1,0.3,4.2,0.4,4.7,0.5,5.7,0.5,5.9,0.8,7.5,1,7.5,1986.3,2036.7,141,143.1,2127.3,2179.8,83.6,85.5,2211.3,2209.8,2265.3,2264,2288.2,2287.1,2342.8,2341.9,878.3,876.7,540.5,541.8,146.1,144.8,723.3,723.5,777.8,778,212.7
145,2015-01-31,60.6,583.4,641.5,193.4,906,1740.2,6.6,1747,60.5,639.1,1735.3,1743.3,89.2,345.2,0.6,7,0.4,5.1,0.9,10.4,0.1,1,0.6,4.7,0.8,5.5,0.6,5.9,0.6,6.1,0.2,7.1,0.2,7.1,1997.7,2048.7,141.7,144,2139.5,2192.7,82.1,84,2221.9,2223.3,2276.6,2277.5,2298.5,2300.1,2353.8,2355.4,881.9,880.2,544.7,546.4,145,145,726.9,728.4,782.2,783.4,212.8
146,2015-02-28,61.5,590,649,195.4,908.7,1752.3,6.8,1759.3,61.9,655.4,1756.1,1762.8,90.3,346,0.5,7.1,0.4,5.1,0.8,10.5,-0.1,0.9,0.5,4.8,0.5,5.6,0.5,6,0.5,6.2,1.2,7.6,1.1,7.7,2011.8,2063.4,141.7,143.9,2153.5,2207.3,80.8,82.7,2234.7,2235.8,2290,2290.4,2310.4,2311,2366.3,2366.5,884.9,883.1,548.4,551.2,145.3,144.8,731.8,732.5,787.7,787.6,215.9
147,2015-03-31,61.3,597.1,655.7,197.9,900.6,1753.5,5.3,1758.8,61.6,660.8,1759.4,1765,90.7,348,0.6,7.2,0.5,5.2,0.9,10.6,0.3,1.3,0.3,4.8,0.3,5.4,0.5,6,0.5,6.2,0.2,7.5,0.2,7.3,2023.2,2075.1,141.6,143.7,2164.8,2218.8,79.6,81.6,2245.1,2247.3,2300.4,2302.3,2321.5,2322.7,2377.4,2378.5,889.1,887.2,553.2,556.3,145.5,145.5,733.7,734.3,789.6,789.9,216.1
148,2015-04-30,62.7,603.8,664,200.1,900.9,1764.3,7.2,1771.6,63.1,670.3,1770,1776.4,90.9,370.8,0.6,7.2,0.4,5.1,0.9,10.8,-0.1,1,-0.2,4.3,0,5,0.3,5.9,0.3,6.1,0.5,7.4,0.6,7.4,2034.3,2087.1,139.1,141.3,2173.4,2228.4,78.4,80.3,2252.4,2253.8,2308.7,2311.2,2328,2329.2,2384.9,2386.7,892.6,890.5,558.1,561.4,144.4,144.9,732.9,733.1,789.8,790.4,206.2
149,2015-05-31,62.9,608.6,669,202,894.7,1765.1,6.1,1771.3,63.4,676.6,1772.7,1778.2,90.7,370.6,0.6,7.2,0.5,5.1,0.8,10.8,0,1.2,0.7,5,0.6,5.3,0.6,6.1,0.6,6.2,0.2,6.8,0.1,6.6,2050.7,2102.7,139.2,141.4,2189.9,2244.1,77.7,79.6,2268.1,2269.8,2323.7,2325.5,2343.1,2343.5,2399.2,2400.1,896.7,895.4,563.4,564.8,144.4,145.2,738.5,739.1,794.6,795,209.4
150,2015-06-30,62.8,623.4,683.7,202.9,891.4,1777.5,8.1,1785.7,63.2,682.4,1781.1,1789.9,91.7,368.7,0.6,7.3,0.5,5.2,0.8,10.8,0.1,0.9,0.1,4,0.2,4.5,0.5,5.8,0.5,6,0.5,6.8,0.7,6.7,2067.9,2121.4,139.6,141.8,2207.5,2263.2,76.2,78.2,2284.1,2280.5,2341.4,2337.8,2359.3,2354.4,2417.2,2411.9,903.6,902.7,570.2,567.7,145.2,145,740.2,738.6,798.1,796.9,207.5
151,2015-07-31,63.9,634.3,695.6,202.4,906.7,1804,9,1813.2,64.1,693.3,1795.9,1807,92.7,368.3,0.6,7.4,0.6,5.4,0.7,10.7,-0.1,0.6,0.7,4.5,0.7,5,0.6,6,0.6,6.2,0.7,6.8,0.8,7,2079,2133.1,140,142.4,2219,2275.5,74.7,76.6,2294.2,2293.6,2352.1,2351,2369.4,2369.9,2427.8,2427.4,907.7,910.8,572.4,568.5,144.7,145.3,744.6,744.7,803.1,802.6,214.6
152,2015-08-31,64.1,639.6,701,199.8,903.5,1803.7,8,1811.8,64.2,701.4,1799.2,1807.5,93.1,370.4,0.6,7.5,0.6,5.6,0.6,10.5,0.1,0.6,0.7,5.2,0.6,5.6,0.6,6.3,0.6,6.4,0.3,6.2,0.1,6.3,2096.8,2151.3,136.6,138.8,2233.4,2290.1,73.4,75.4,2307,2308.1,2365.5,2366.8,2381.8,2383.7,2440.9,2443.2,920.9,924.1,567.9,563.6,144.6,145.5,748.4,750.2,807.5,809.5,222.3
153,2015-09-30,65.1,651.1,713.6,198.9,904.5,1816.3,7.3,1823.8,65,708,1812.4,1819.6,94.8,370.9,0.6,7.5,0.8,6,0.3,9.8,0,0.4,1,5.9,1.1,6.4,0.7,6.5,0.7,6.7,0.7,6.2,0.7,6.4,2115.7,2172.1,135.8,138.2,2251.5,2310.2,71.8,73.7,2323.6,2323.7,2384,2384.1,2398.6,2399.8,2459.6,2460.7,932.4,936.1,564.3,561.6,144.5,144.7,757.4,756.8,818.5,817.9,224.2
154,2015-10-31,65.8,657.2,720.5,195.6,905,1820.5,9.1,1829.8,65.5,718.1,1818.4,1826.9,93.4,385,0.6,7.4,0.8,6.4,0.2,9,-0.3,-0.1,0.7,6.2,0.9,6.7,0.6,6.6,0.6,6.7,0.4,6.2,0.4,6.2,2131.3,2189.2,135.9,138.7,2267.1,2327.8,70.5,72.4,2337.8,2336.2,2400.3,2399,2413.4,2412.9,2476.6,2476.7,953.1,955.3,544.8,544.2,151.1,151.1,764.4,762.3,827.6,826.4,223.4
155,2015-11-30,66.1,661.6,725.1,199,906.6,1830.2,8.8,1839.2,65.7,721.7,1831.5,1840,95.7,397.6,0.6,7.5,0.9,6.9,0.1,8.2,0,0,-0.1,5.6,0,6.3,0.4,6.4,0.4,6.6,0.6,6.6,0.7,6.7,2141.6,2201.9,136.2,139.3,2277.8,2341.2,69.8,71.7,2347.8,2345.5,2412.9,2410.9,2423.3,2421.7,2489.3,2488.1,963.4,963.2,544.8,545.7,152.9,152,762.3,761.5,828.2,827.5,220.4
156,2015-12-31,67.4,666.7,731.6,199.4,908.7,1838.9,9.7,1848.8,66.1,722.2,1836.5,1845.8,100.6,409.9,0.5,7.4,0.9,7.4,0,7.2,0,0,0.5,5.8,0.5,6.5,0.5,6.4,0.5,6.6,0.3,6,0.4,6.1,2155.4,2217.8,136,138.6,2291.4,2356.4,67.7,69.7,2359.3,2357.3,2426.1,2424.5,2434.9,2433.4,2502.4,2501.3,972.7,971,544.7,546,153.6,152.1,764,764.1,831.5,831.9,221.8
157,2016-01-31,67,668.9,733.5,199.1,918.4,1850.3,8.3,1858.8,66.9,731.2,1846.1,1855.3,98.3,416.6,0.5,7.3,0.7,7.8,0.1,6.4,-0.1,-0.2,0.6,5.7,0.6,6.2,0.5,6.3,0.5,6.5,0.6,6.5,0.6,6.5,2167,2230.5,136.2,139,2303.2,2369.4,66.3,68.2,2369.6,2370.7,2437.6,2438.3,2444.5,2445.5,2513.2,2514.5,979.4,977.3,545.1,546.6,152.5,152.3,767.5,768.7,836.2,837.1,232.6
158,2016-02-29,66.5,665.5,729.3,199.8,920.5,1849.1,9,1858.2,66.9,736.7,1853.1,1862.1,97.8,406.6,0.5,7.3,0.8,8.2,0.1,5.6,-0.1,-0.1,0.7,6,0.8,6.6,0.7,6.5,0.6,6.6,0.4,5.6,0.4,5.8,2182.4,2247.1,136.4,139.5,2318.8,2386.6,65.4,67.3,2384.4,2385.1,2453.8,2453.8,2458.8,2462.3,2529,2528.2,986.3,984.3,545.1,547.5,153,152.5,774.3,774.6,844.5,844,233.7
159,2016-03-31,66.8,670.8,735.1,204.2,920.3,1858.9,10.1,1869.2,66.9,741,1863,1873,98.8,398.8,0.4,7.1,0.6,8.4,0.1,4.7,0,-0.5,0.2,5.9,0.3,6.5,0.2,6.2,0.3,6.4,0.6,6.1,0.7,6.3,2193.4,2258.7,134.7,137.6,2328.1,2396.2,64.5,66.3,2392.7,2394.9,2462.5,2464.4,2467,2467.4,2537.4,2537.7,992.8,990.5,545.5,548.2,152.7,152.8,776,776,846.4,846.4,237.3
160,2016-04-30,66.8,673.8,738,200.8,926.7,1864.9,9.6,1874.7,67.5,744.7,1870.2,1879.8,97.8,392.3,0.5,7,0.7,8.6,0.2,4,0,-0.3,0.7,6.9,0.7,7.3,0.6,6.5,0.5,6.6,0.3,5.8,0.2,5.9,2208.1,2272.4,135.5,138.3,2343.5,2410.7,63.4,65.2,2407.1,2409,2475.9,2478.8,2480.6,2480.7,2550.1,2551,999.1,996.3,546.3,549.3,152.4,153.3,782.8,782.3,852.3,852,233.6
161,2016-05-31,66.6,673.3,737.4,198.3,933.9,1868.9,10.4,1879.5,67.1,745.4,1876.3,1886.1,98,396.2,0.5,6.9,0.7,8.9,0.2,3.3,0,-0.4,0.2,6.3,0.3,7.1,0.4,6.2,0.4,6.5,0.5,6,0.4,6.2,2223.9,2290.1,130.1,133.1,2354,2423.2,62.2,63.9,2416.3,2419,2487.1,2490.2,2489,2489.9,2560.6,2561.6,1006,1004.4,548.1,549.3,152.4,153.3,782.6,783.5,854.1,854.9,241.3
162,2016-06-30,67.8,685.9,751.2,199.8,930.3,1880.6,9.2,1890,68.2,750.1,1883.5,1893.3,98.3,401.8,0.5,6.7,0.6,9,0.2,2.7,-0.1,-0.6,-0.5,5.6,-0.1,6.7,0.2,5.9,0.3,6.2,0.4,5.9,0.4,5.9,2234.9,2303.9,130.3,133.4,2365.2,2437.3,61,62.7,2426.3,2423.9,2500,2497,2496.3,2492,2570.7,2565.8,1013,1011.8,552,549.7,153.5,153.2,777.8,777,852.3,851.4,245.3
163,2016-07-31,68.3,692.2,757.9,205.9,948.1,1911.1,9.7,1921,68.4,754.7,1901.4,1913.1,98.6,399.2,0.5,6.6,0.6,9.1,0.3,2.3,-0.2,-0.7,0.5,5.3,0.5,6.4,0.4,5.7,0.4,6.1,0.8,6,0.9,6,2244.2,2315.1,129.9,133,2374.1,2448.1,59.5,61.1,2433.8,2434,2509.2,2508.4,2502.3,2503.4,2578.5,2578.9,1016.3,1019.8,553.7,550.2,152.3,152.9,779.9,780.9,856.1,856.3,249.6
164,2016-08-31,68.2,689.5,755.1,203.5,957.2,1915.1,8.8,1924.1,68.3,754.1,1909.6,1918.9,99,397.3,0.5,6.5,0.6,9.1,0.4,2.1,0,-0.8,0.1,4.6,0.1,5.8,0.3,5.4,0.3,5.8,0.4,6.2,0.4,6.3,2252,2322.8,128.7,131.8,2380.6,2454.6,58.7,60.2,2439.5,2440.7,2514.8,2515.9,2508.3,2512,2584.3,2587.7,1022.3,1025.9,555.4,551.8,151.9,152.7,778.7,781,854.7,857.1,253.9
165,2016-09-30,68.9,700.5,766.7,196.4,955.1,1917.5,10.6,1928.5,68.7,760.3,1914.3,1925.2,99.3,392.8,0.5,6.4,0.6,8.9,0.4,2.2,-0.1,-0.9,0.2,3.9,0.2,4.9,0.4,5.2,0.4,5.5,0.3,5.8,0.3,5.9,2263.6,2335.2,130.3,133.2,2393.9,2468.5,57.4,59,2451.5,2451,2527.4,2526.8,2520.7,2522.4,2597.3,2598.9,1027.9,1032.6,557.4,554.8,151.8,151.8,783.6,783,860.3,859.7,256.6
166,2016-10-31,69,700.6,767,198.7,964.7,1929.7,9.4,1939.5,68.8,763.2,1927.3,1936.4,100.1,395.3,0.5,6.4,0.5,8.6,0.5,2.6,0,-0.7,0.6,3.7,0.6,4.5,0.5,5.1,0.5,5.4,0.7,6.1,0.6,6.1,2279.7,2349.9,130.8,133.8,2410.5,2483.7,56,57.3,2466.7,2464.2,2541,2539.1,2536.3,2535.3,2611.3,2611.5,1034.7,1037.5,560.4,559.8,151.7,151.5,789.5,786.9,864.5,863.1,252
167,2016-11-30,69.4,714.6,781.4,195.9,965.6,1942.3,10.2,1953,68.9,777.2,1943.8,1954.1,101.2,390.8,0.5,6.3,0.5,8.2,0.5,2.9,-0.1,-0.8,0.5,4.3,0.4,5,0.5,5.2,0.5,5.4,0.8,6.3,0.9,6.3,2293.8,2363.5,131.2,134.3,2425,2497.8,54.7,56.1,2480,2476.7,2553.8,2551.2,2549.3,2547.4,2623.9,2622.7,1041.4,1041.6,563.5,564.3,152.5,151.6,792,790.8,866.6,866,253.3
168,2016-12-31,71.1,722.9,791.3,199.9,971.1,1961.5,10,1972.1,69.7,783.8,1963.2,1973.2,103.5,390,0.5,6.3,0.5,7.9,0.6,3.6,-0.1,-0.9,1.2,5,1.1,5.6,0.7,5.5,0.7,5.6,1,7,1,7,2313,2382.7,132.7,135.7,2445.7,2518.4,53.4,54.7,2499.4,2497.2,2573.1,2571.7,2568.6,2566.6,2643,2642.1,1048.3,1046.9,566.9,568,153,151.5,800.4,800.4,874.8,875.6,256.2
169,2017-01-31,70.1,728.5,796,203.4,979.5,1978.3,10.7,1989.6,70,794.7,1975.5,1987.1,102.5,397.5,0.5,6.4,0.6,7.7,0.5,4,-0.1,-0.9,-0.4,4.1,-0.3,4.6,0.2,5.2,0.2,5.4,0.6,7,0.7,7.1,2315.7,2387.2,132.7,135.6,2448.3,2522.8,52.1,53.2,2500.7,2502.3,2576,2577.2,2579.1,2580.7,2655.1,2656.7,1058.4,1056.4,571.8,573,152.1,151.9,796.8,798.2,872.8,873.9,258.6
170,2017-02-28,69.6,724.7,791.7,204.2,985.1,1980.5,10.5,1991.5,70.1,800.8,1985.5,1996.6,105.3,397.9,0.5,6.3,0.6,7.5,0.4,4.3,-0.1,-0.9,-0.1,3.2,-0.1,3.7,0.3,4.8,0.3,5,0.6,7.1,0.5,7.2,2325.6,2398,132.4,135.2,2458,2533.2,50.7,51.9,2508.9,2510,2585.1,2585.3,2587.8,2587.2,2664.5,2663.2,1063.7,1061.3,573.8,575.7,152.9,152.4,797.4,797.6,874.1,873.6,258.7
171,2017-03-31,69.7,731.1,798.3,207.3,979.5,1984.5,10.9,1995.9,70.5,804.9,1990.5,2001.9,104.6,394.5,0.6,6.5,0.6,7.5,0.4,4.7,-0.2,-1,-0.1,2.9,-0.1,3.4,0.3,4.9,0.3,5,0.3,6.7,0.2,6.7,2334,2405.6,132.6,135.2,2466.5,2540.8,48.9,50.7,2515.7,2517.5,2591.4,2593,2596,2595.3,2672.4,2671.5,1069.8,1066.9,576.2,578.8,152.5,152.6,797.6,797,873.9,873.2,253.5
172,2017-04-30,70.1,738.9,806.3,212.9,986.1,2004.6,10.3,2015.7,70.2,813.7,2005.9,2016.4,105.8,399.5,0.5,6.5,0.6,7.4,0.4,4.9,0,-1,0.4,2.6,0.3,3,0.5,4.8,0.4,4.9,0.9,7.4,0.9,7.5,2345.7,2416.4,133.1,135.8,2478.8,2552.2,48.2,49.9,2527.3,2529,2602.1,2604.5,2607.7,2606.3,2683.2,2682.5,1075.8,1072,578.3,581.7,152.1,153.4,801.5,800.1,877,875.4,254.8
173,2017-05-31,70.1,745.4,812.9,213.5,983.5,2009.2,10.5,2020.8,70.6,821.4,2015,2026.1,105,403.8,0.6,6.6,0.7,7.4,0.3,5.1,0.1,-0.9,0.1,2.5,0.2,2.9,0.4,4.9,0.5,4.9,0.5,7.4,0.4,7.4,2355.1,2427.6,134,136.7,2489.2,2564.3,47.6,49.2,2537,2540.6,2613.5,2617.3,2618.5,2619.3,2695.5,2696.1,1083.7,1081.2,580.8,582.6,152.1,153.3,801.8,802.9,878.8,879.6,258.9
174,2017-06-30,70.9,757.9,825.9,219.1,983,2027.3,10,2038.8,71.3,825.1,2029,2041.2,104.1,393.5,0.6,6.6,0.7,7.5,0.3,5.1,-0.2,-0.9,0.8,3.9,1.1,4.2,0.6,5.3,0.7,5.4,0.7,7.7,0.7,7.8,2371.9,2447.9,135.5,139.1,2507.4,2587,46.5,48.1,2554.2,2552.5,2635.1,2632.7,2639,2635,2720.7,2715.8,1093.7,1091.8,584.1,582.3,152.9,152.6,808.4,808.2,890.1,889.3,260.4
175,2017-07-31,70.9,764.6,832.7,219.3,992.4,2043.7,10.6,2055.4,71,828,2032.9,2045.6,105.1,408.6,0.5,6.7,0.7,7.5,0.2,5,0,-0.8,0.4,3.9,0.4,4,0.4,5.3,0.4,5.3,0.1,6.9,0.1,6.9,2379.5,2456.3,135.4,138.9,2514.9,2595.2,44.8,46.6,2559.9,2560.8,2641.8,2641.5,2644.7,2647.1,2727.4,2728.8,1099,1102.6,584.4,581.3,151.4,151.9,809.9,811.7,892.5,893.4,256.4
176,2017-08-31,71.3,764.4,833.1,220.7,992.4,2045.4,10.8,2057,71.4,830,2038.2,2050.3,105.8,400.5,0.5,6.6,0.7,7.6,0.2,4.9,-0.2,-1,0.2,4,0.3,4.2,0.4,5.4,0.4,5.4,0.3,6.7,0.3,6.8,2386.3,2464.2,136.2,139.5,2522.6,2603.7,43.9,45.7,2566.7,2567.7,2649.4,2650.3,2653.6,2658.2,2736.9,2741.5,1106.5,1110.8,585.2,581.7,150.7,151.2,811.2,813.9,894.6,897.3,259.6
177,2017-09-30,71.7,771.5,840.5,217.2,991.1,2048.1,11.1,2059.6,71.5,832.3,2045.3,2056.9,106.2,395.9,0.5,6.6,0.6,7.7,0.2,4.6,0,-0.9,0.1,4,0.1,4.2,0.3,5.3,0.3,5.3,0.4,6.8,0.3,6.8,2395.2,2472.1,137.3,140.5,2532.5,2612.6,42.9,44.6,2575.7,2574.3,2657.2,2655.7,2664.7,2666.6,2746.9,2748.9,1112.9,1118.7,585.8,583.1,151.2,151,814.8,814.2,897.1,896.4,261.9
178,2017-10-31,71.8,774.9,844.1,214.9,998.7,2057.1,12.5,2070.3,71.4,838.8,2054.2,2067,105.9,394,0.5,6.5,0.6,7.8,0.2,4.2,-0.1,-1,0.1,3.5,0.3,3.9,0.3,5.1,0.4,5.2,0.4,6.5,0.5,6.7,2406.2,2483.4,138.6,142,2544.8,2625.4,42,43.7,2587,2583.7,2669.1,2666.9,2676.3,2675.8,2759.1,2759.8,1120.3,1124.1,586.7,585.7,151.1,150.9,818.2,815.4,901,899.7,265
179,2017-11-30,72.7,784.9,855.1,206.3,996,2056.7,12.6,2070.2,72.2,850.3,2058.7,2071.9,107.2,407.8,0.5,6.4,0.6,7.8,0.2,3.9,-0.3,-1.2,0.6,3.6,0.7,4.2,0.5,5.1,0.5,5.2,0.2,5.9,0.2,6,2417.8,2494.7,138.8,142.3,2556.6,2637,41.1,42.8,2598,2594,2679.9,2677,2690.2,2688.2,2772.8,2771.9,1128.1,1129.2,587.9,588,151.6,150.6,822.7,821,905.3,904.9,268.1
180,2017-12-31,73.9,790.4,861.6,196.4,992.1,2049.4,12.8,2063.3,72.5,856.3,2055.2,2068.6,110.2,424.7,0.5,6.3,0.7,8,0.1,3.4,-0.1,-1.2,0,2.4,0,3.1,0.3,4.7,0.3,4.8,-0.1,4.7,-0.1,4.8,2423.9,2501.4,139.9,143.5,2563.8,2644.9,40.3,41.9,2604.1,2601.7,2686.8,2685.6,2697.3,2694.9,2780.8,2780,1136.3,1135.5,588.7,589.1,152.2,150.8,820.2,820.2,903.6,904.9,269.2
181,2018-01-31,72.4,791,860.7,203.7,999.4,2063.1,12.2,2076.2,72.3,860.9,2061.9,2075,107.6,439,0.5,6.3,0.6,8,0.1,3,0.1,-1,-0.1,2.6,-0.1,3.3,0.3,4.7,0.3,4.9,0.3,4.4,0.3,4.4,2429,2507.6,140.2,143.8,2569.2,2651.5,39.2,40.8,2608.3,2610.6,2692.3,2694.2,2701.5,2703.9,2786.2,2788.2,1142.6,1141,589,589.5,151.6,151.4,818.3,820.1,903,904.4,269.3
182,2018-02-28,72.2,784,853.5,202,1001,2055.8,11.5,2068.1,72.8,864.6,2062.6,2075,105.3,417.7,0.5,6.2,0.7,8.1,0.2,2.7,-0.2,-1.1,0,2.8,0.1,3.4,0.3,4.7,0.3,4.9,0.1,3.9,0.1,3.9,2437.3,2517.3,140.1,143.6,2577.4,2660.9,38.5,40.1,2615.9,2617.8,2701,2701.9,2711.2,2710.5,2796.9,2795.6,1149.7,1147.1,589.7,591.2,151.9,151.4,819.9,820.4,905.7,905.4,268.3
183,2018-03-31,73,790.4,860.8,198.6,999.8,2058.3,11.2,2070.2,73.2,868.1,2060.6,2071.7,108,444.3,0.5,6.1,0.6,8.1,0.1,2.5,-0.2,-1.2,0.5,3.3,0.4,3.9,0.4,4.8,0.4,5,0,3.7,0,3.7,2450.4,2530.1,141.3,144.8,2591.7,2674.9,37.7,39.1,2629.3,2630.7,2714,2714.8,2724.7,2722.6,2810,2807.7,1156.3,1152.3,590.4,593.2,151.5,151.7,826.5,825.3,911.9,910.1,271.8
184,2018-04-30,72.7,790.7,860.6,193.7,1001.6,2055.3,11.2,2067,73.6,868.7,2058.6,2070.3,108.1,441.6,0.4,6,0.5,8.1,0.1,2.2,-0.2,-1.4,0.4,3.3,0.5,4,0.4,4.8,0.3,5,-0.2,2.5,-0.2,2.5,2459.1,2541.2,141.8,145.2,2601,2686.4,37,38.5,2637.9,2639.5,2724.9,2726.7,2735,2733,2822.7,2820.6,1162,1156.5,591.1,595.4,150.8,152.3,831.1,829,918.8,916.2,273
185,2018-05-31,73.1,795.2,865.6,193.5,1000.3,2058.7,10.5,2069.6,73.6,874.4,2062.4,2072.9,107.7,430.2,0.4,5.8,0.5,7.9,0.1,2,0,-1.4,0.1,3.2,0,3.8,0.3,4.6,0.3,4.7,0.2,2.3,0.2,2.3,2464.5,2546.8,141.8,144.6,2606.4,2691.4,36.4,37.9,2642.8,2647.1,2729.2,2733.6,2741,2741.5,2828,2827.9,1168.7,1164.8,592,594.6,150.6,151.9,829.7,831.1,916.7,917.7,273.2
186,2018-06-30,73.4,800,870.5,196.4,999.2,2065.4,10.6,2076.4,73.8,869.8,2065,2077.1,107.9,445.3,0.4,5.6,0.6,7.8,0,1.6,0,-1.3,0.5,2.9,0.5,3.1,0.4,4.4,0.4,4.4,0.2,1.8,0.2,1.8,2477.5,2560.5,144.6,147.2,2622.1,2707.7,35.3,36.7,2657.4,2655.9,2744.4,2742.1,2756.8,2752.5,2844.4,2839.3,1178.1,1175.3,593,592.1,151.6,151.3,834.2,834.1,921.7,920.7,271.4
187,2018-07-31,73.9,799.6,870.5,198.7,1015,2083.6,11.4,2095.2,74,864.1,2072,2083.7,108.7,436.3,0.4,5.5,0.6,7.6,0.1,1.6,-0.1,-1.3,0.5,3,0.6,3.4,0.4,4.3,0.4,4.4,0.2,1.9,0.2,1.9,2484.3,2568.6,144.5,148,2628.8,2716.6,34.1,35.4,2662.9,2663.9,2752,2751.7,2762,2765.1,2851.9,2854.1,1182.4,1185.8,592.9,590.3,150,150.4,836.8,838.9,926.6,927.8,278.9
188,2018-08-31,74.2,804.1,875.5,198.5,1022.2,2095.5,12.2,2107.9,74.3,870.4,2088.2,2101.2,108.7,448.3,0.4,5.4,0.5,7.5,0.1,1.5,-0.2,-1.4,0.6,3.3,0.7,3.8,0.4,4.4,0.5,4.5,0.7,2.3,0.9,2.4,2493.4,2575.9,150.5,153.9,2643.9,2729.9,33.1,34.4,2677,2677.4,2764.3,2764.6,2777,2781.9,2864.9,2869.9,1193.1,1198.2,593.2,589.7,149.2,149.6,841.4,844,929.4,932,282.8
189,2018-09-30,74.7,806.5,877.9,193.7,1020.8,2091.6,12.5,2104.2,74.3,868,2088.6,2101.4,109.7,433.3,0.4,5.3,0.5,7.3,0.1,1.4,-0.1,-1.4,0.5,3.7,0.7,4.4,0.4,4.4,0.4,4.6,0.1,2.1,0,2.1,2504.5,2589.9,153.5,156.8,2657.9,2746.7,32.1,33.4,2690.1,2687.8,2780.1,2777.7,2791.2,2793.1,2881.9,2884.2,1197.9,1205,593.5,590.4,149.3,149,850.6,849.9,941.3,940.5,278
190,2018-10-31,74.9,804.1,875.9,202.4,1022.2,2099.7,11.2,2111.4,74.6,869.4,2096.2,2107.8,111.6,429,0.3,5.1,0.4,7,0,1.3,-0.3,-1.6,0.5,4.2,0.7,4.8,0.3,4.4,0.4,4.6,0.3,2,0.3,1.9,2516.3,2601,153.4,157.1,2669.7,2758.1,31.4,32.7,2701.1,2697.6,2790.8,2789,2802.6,2802.6,2893,2894.6,1203.1,1208.1,593.6,592.1,148.8,148.5,857.2,854.2,947.5,946.5,274.7
191,2018-11-30,75.7,803.2,875.8,197.1,1023.5,2095.8,10.9,2107.5,75.1,871.2,2097.8,2109.3,111.7,435.4,0.3,4.9,0.4,6.8,0,1.1,-0.5,-1.8,0.5,4.1,0.5,4.5,0.3,4.3,0.3,4.4,0.2,1.9,0.1,1.8,2527.7,2613,153,156.9,2680.7,2769.9,30.3,31.5,2710.9,2706.7,2801.4,2798.7,2813.4,2811.4,2904.6,2903.9,1208.9,1210.9,594,593.4,149.1,148.1,861.4,859.6,952.6,952.6,275.8
192,2018-12-31,76.7,807.6,881.7,188.3,1029.7,2098.9,10.7,2110.7,75.3,878.9,2107.9,2119.3,114.5,448.5,0.3,4.7,0.4,6.5,0.1,1.1,-0.5,-2.2,0.1,4.2,0.3,4.8,0.2,4.1,0.2,4.3,0.5,2.6,0.5,2.5,2531.3,2618,154.2,158.2,2685.5,2776.2,29.9,31.1,2715.3,2712.7,2807.3,2806.2,2819.5,2817.1,2912.2,2911.5,1214.3,1214,594.7,594.4,149.2,147.9,861.3,861.4,954,955.6,283.5
193,2019-01-31,75.7,804.8,877.9,197.3,1043.5,2117.9,10.4,2129.2,75.7,879.8,2118,2129.2,113.9,458.2,0.2,4.4,0.3,6.2,0,1,-0.6,-2.8,0.1,4.4,0.1,5.1,0.2,4,0.2,4.3,0.5,2.8,0.5,2.6,2529.3,2621.6,154.2,158,2683.5,2779.6,28.6,29.8,2711.9,2715.2,2809.4,2812.6,2816.3,2819.5,2914.5,2917.4,1217.6,1216.5,594.4,594.4,147.5,147.4,856.8,859.5,955,957.3,286.4
194,2019-02-28,75.3,797,869.5,202.8,1049.3,2121,10.3,2132.1,75.9,882.2,2130.1,2141.3,112.5,451.3,0.3,4.2,0.4,5.9,0,0.8,-0.1,-2.7,0.1,4.5,0.1,5.1,0.2,3.9,0.2,4.1,0.5,3.3,0.6,3.1,2537.6,2630.2,155.5,159.4,2693.1,2789.7,27.5,28.6,2720.3,2723.5,2818.3,2820.4,2824.9,2824.8,2923.5,2922.8,1222.1,1219.7,594.6,595.8,148.1,147.5,860.1,861.3,958.7,959.2,288.4
195,2019-03-31,75.7,805.3,878.2,209.7,1053.5,2140.6,11.2,2152.3,76.6,885.3,2145.7,2157.1,112.7,431.2,0.2,4,0.3,5.6,0,0.7,-0.3,-2.8,-0.1,4,0.1,4.9,0.1,3.6,0.2,3.9,0.6,3.9,0.7,3.9,2542.1,2636.5,155.5,160,2697.6,2796.5,26.3,27.3,2723.4,2724,2823.8,2823.8,2827.9,2824.7,2929,2925.2,1225.7,1221,594.3,597.2,147.5,147.6,860.4,858.4,961.5,958.7,295.7
196,2019-04-30,75.7,814.8,887.9,205.7,1052.1,2145,11.3,2156.8,76,895.4,2145.2,2156.3,112.6,426.9,0.3,3.8,0.4,5.5,0,0.6,-0.2,-2.9,0,3.5,0,4.4,0.2,3.4,0.1,3.6,0.1,4.2,0.1,4.2,2547.5,2642.1,154.6,159,2702.1,2801.1,25.3,26.3,2727.1,2728.4,2827.4,2828.4,2831.5,2829.5,2932.6,2929.6,1230.2,1223.7,594.4,599.3,146.7,148.2,860.2,857.8,961.3,958,291.2
197,2019-05-31,76.1,816.2,889.7,207.2,1046.1,2142.1,12.1,2154.6,76.6,897.8,2144.2,2156.4,112,421.9,0.2,3.7,0.3,5.3,0,0.5,-0.4,-3.2,0,3.4,0.1,4.5,0.1,3.2,0.2,3.6,0,4,0.1,4.1,2544,2638.9,155.5,160.3,2699.5,2799.3,24.5,25.6,2724,2728.4,2824.8,2829.1,2829.1,2829.4,2930.7,2930.2,1234.7,1230,594.8,598,145.9,147.2,853.7,855.1,955.4,956.4,298.4
198,2019-06-30,76.2,835.7,909,200.2,1039.2,2147.6,13.2,2161.1,76.7,907.7,2145.3,2160.2,113.1,416.6,0.2,3.4,0.3,4.9,0,0.5,-0.3,-3.5,0,2.9,0,4,0.1,2.9,0.1,3.3,0,3.8,0,3.9,2552.1,2647.5,156.5,161.5,2708.6,2809,23.6,24.6,2731.7,2729.7,2833.6,2830.8,2841.6,2836.3,2944.3,2938.7,1240.6,1236.9,595.8,595.6,146.4,146.1,858.8,858.3,961.5,960,301.7
199,2019-07-31,76.7,955.7,1026,177.1,931.9,2134.9,6.9,2141.8,76.8,1017.3,2122.3,2128.5,113.7,398.7,0.2,3.2,0.2,4.6,0.1,0.5,0,-3.4,0.2,2.7,0,4,0.2,2.7,0.1,3.3,0.3,3.9,0.4,4.1,2576.7,2647.5,206.6,161.5,2783.2,2809,22.7,24.6,2806,2806.9,2833.6,2830.8,2819.3,2822.6,2944.3,2938.7,1122.7,1125.2,667.7,665.5,170.2,170.7,858.7,860.9,961.5,960,302.1
200,2019-08-31,77.6,961.7,1032.9,171,931.5,2135.4,6.5,2141.9,77.5,1026.2,2127.9,2135.2,112.6,394.1,0.2,3.1,0.4,4.4,-0.1,0.4,-0.4,-3.6,0.4,2.4,0,4,0.2,2.5,0.1,3.3,0.2,3.5,0.3,3.6,2581.7,2647.5,207.8,161.5,2789.5,2809,21.8,24.6,2811.3,2811.5,2833.6,2830.8,2824.2,2828.9,2944.3,2938.7,1127,1131.8,666.8,663.2,168.9,169.2,861.5,863.9,961.5,960,301.8
201,2019-09-30,77.8,977.7,1049.2,165.4,923.3,2137.8,6.7,2144.5,77.3,1037,2134.5,2141.5,114.1,403.8,0.3,3,0.5,4.5,-0.1,0.1,-0.7,-4.3,0.4,2.3,0,4,0.3,2.3,0.1,3.3,0.3,3.7,0.3,3.8,2585.8,2647.5,209.5,161.5,2795.3,2809,21,24.6,2816.3,2813.5,2833.6,2830.8,2833.3,2835.2,2944.3,2938.7,1132.2,1138.9,665.1,661.6,166.9,166.7,869.1,868,961.5,960,304.3
202,2019-10-31,78.3,991,1063.4,168.5,917.1,2149,6.7,2155.6,77.8,1055.5,2145.4,2152.1,115.3,385.3,0.3,3,0.5,4.6,0,0.1,-0.7,-4.6,0.1,1.9,0,4,0.2,2.2,0.1,3.3,0.5,3.9,0.5,4.1,2592.7,2647.5,211.3,161.5,2804,2809,20.6,24.6,2824.6,2821.2,2833.6,2830.8,2841.4,2841.4,2944.3,2938.7,1137.6,1142.6,663.9,662,167,166.8,872.9,870,961.5,960,303.1
203,2019-11-30,79.1,997.5,1070.5,170.8,910.4,2151.7,6,2157.7,78.4,1066.3,2154,2160,115.1,413.5,0.3,3,0.5,4.6,0,0,-0.9,-5,0.2,1.6,0,4,0.2,2.1,0.1,3.3,0.5,4.2,0.4,4.4,2601.4,2647.5,212.9,161.5,2814.3,2809,19.8,24.6,2834.1,2830.2,2833.6,2830.8,2850.5,2848.3,2944.3,2938.7,1145.1,1147.5,664.4,663.1,167,165.9,873.9,872,961.5,960,306.8
204,2019-12-31,80,1002.9,1077,165.6,906.5,2149.1,5.7,2154.8,78.7,1075.7,2159.3,2164.6,117.3,424.6,0.3,3,0.4,4.7,0,-0.1,-0.5,-4.9,0.1,1.6,0,4,0.2,2.1,0.1,3.3,0.4,4,0.2,4.1,2606.2,2647.5,214.1,161.5,2820.3,2809,19.1,24.6,2839.5,2837,2833.6,2830.8,2855.1,2853,2944.3,2938.7,1151.1,1151.1,664.7,663.7,166.3,165.1,872.9,873.3,961.5,960,307.5
