datetime_id,month_date,Credit; Housing; Monthly growth,Credit; Housing; 12-month ended growth,Credit; Owner-occupier housing; Monthly growth,Credit; Owner-occupier housing; 12-month ended growth,Credit; Investor housing; Monthly growth,Credit; Investor housing; 12-month ended growth,Credit; Other personal; Monthly growth,Credit; Other personal; 12-month ended growth,Credit; Non-financial Business; Monthly growth,Credit; Non-financial Business; 12-month ended growth,Credit; Business; Monthly growth,Credit; Business; 12-month ended growth,Credit; Business including select financial businesses; Monthly growth,Credit; Business including select financial businesses; 12-month ended growth,Credit; Total excluding financial businesses; Monthly growth,Credit; Total excluding financial businesses; 12-month ended growth,Credit; Total; Monthly growth,Credit; Total; 12-month ended growth,Credit; Total including select financial businesses; Monthly growth,Credit; Total including select financial businesses; 12-month ended growth,M3; Monthly growth,M3; 12-month ended growth,Broad money; Monthly growth,Broad money; 12-month ended growth
1,30/09/1976,1.6,,,,,,,,,,,,,,,,,,,,1.5,,1.8,
2,31/10/1976,1.7,,,,,,2.4,,,,1.6,,,,,,1.7,,,,0.9,,1.4,
3,30/11/1976,1.8,,,,,,2.2,,,,1.5,,,,,,1.6,,,,1.0,,1.4,
4,31/12/1976,1.9,,,,,,2.6,,,,2.0,,,,,,2.1,,,,1.4,,1.6,
5,31/01/1977,1.8,,,,,,2.2,,,,-0.2,,,,,,0.8,,,,0.9,,1.1,
6,28/02/1977,1.5,,,,,,1.9,,,,0.1,,,,,,0.7,,,,1.2,,1.4,
7,31/03/1977,1.7,,,,,,1.7,,,,1.2,,,,,,1.5,,,,0.7,,0.3,
8,30/04/1977,1.6,,,,,,1.6,,,,1.6,,,,,,1.5,,,,0.2,,0.2,
9,31/05/1977,1.4,,,,,,1.3,,,,1.2,,,,,,1.3,,,,0.9,,0.3,
10,30/06/1977,1.5,,,,,,1.8,,,,1.8,,,,,,1.8,,,,0.8,,1.1,
11,31/07/1977,1.5,,,,,,1.9,,,,1.5,,,,,,1.5,,,,0.4,,0.9,
12,31/08/1977,1.9,21.6,,,,,1.7,,,,1.4,,,,,,1.6,,,,0.5,10.9,1.0,13.2
13,30/09/1977,1.6,21.6,,,,,1.6,25.5,,,1.3,16.0,,,,,1.4,18.9,,,0.5,9.9,0.9,12.1
14,31/10/1977,1.2,21.0,,,,,1.6,24.6,,,0.8,15.1,,,,,1.0,18.1,,,0.7,9.7,1.1,11.8
15,30/11/1977,1.2,20.4,,,,,1.9,24.1,,,0.7,14.3,,,,,1.1,17.4,,,0.9,9.5,1.1,11.5
16,31/12/1977,1.3,19.6,,,,,1.9,23.3,,,1.3,13.4,,,,,1.4,16.6,,,0.5,8.6,0.9,10.7
17,31/01/1978,1.3,19.1,,,,,-0.2,20.3,,,1.5,15.3,,,,,1.2,17.1,,,0.6,8.2,0.9,10.5
18,28/02/1978,1.2,18.7,,,,,1.5,19.9,,,0.9,16.2,,,,,1.0,17.5,,,0.9,7.9,1.1,10.2
19,31/03/1978,1.1,18.1,,,,,1.6,19.8,,,1.1,16.1,,,,,1.3,17.2,,,1.3,8.6,1.0,11.0
20,30/04/1978,1.2,17.6,,,,,1.5,19.6,,,0.6,14.9,,,,,0.8,16.4,,,0.9,9.4,1.2,12.1
21,31/05/1978,1.2,17.4,,,,,1.4,19.8,,,1.6,15.4,,,,,1.4,16.6,,,1.1,9.7,0.7,12.5
22,30/06/1978,1.2,17.1,,,,,1.5,19.5,,,0.3,13.8,,,,,0.9,15.6,,,1.0,9.8,0.9,12.4
23,31/07/1978,1.2,16.7,,,,,1.2,18.7,,,0.2,12.3,,,,,0.6,14.5,,,1.1,10.6,1.3,12.9
24,31/08/1978,1.0,15.7,,,,,1.5,18.4,,,0.8,11.7,,,,,0.9,13.9,,,1.4,11.6,1.5,13.4
25,30/09/1978,1.2,15.2,,,,,1.5,18.3,,,1.3,11.7,,,,,1.3,13.7,,,1.1,12.1,1.2,13.7
26,31/10/1978,1.5,15.6,,,,,1.4,18.0,,,1.5,12.5,,,,,1.5,14.2,,,0.8,12.3,1.2,13.8
27,30/11/1978,1.4,15.8,,,,,1.4,17.5,,,1.1,12.9,,,,,1.2,14.4,,,0.8,12.2,1.1,13.8
28,31/12/1978,1.4,15.9,,,,,1.3,16.7,,,1.4,13.0,,,,,1.4,14.4,,,0.9,12.6,1.2,14.1
29,31/01/1979,1.4,16.0,,,,,1.3,18.5,,,0.6,12.0,,,,,1.0,14.1,,,1.3,13.4,1.1,14.3
30,28/02/1979,1.4,16.2,,,,,1.2,18.2,,,1.7,12.9,,,,,1.5,14.7,,,1.2,13.8,1.3,14.5
31,31/03/1979,1.0,16.1,,,,,1.1,17.6,,,1.4,13.2,,,,,1.3,14.7,,,1.1,13.5,1.2,14.6
32,30/04/1979,1.1,15.9,,,,,1.2,17.2,,,2.0,14.9,,,,,1.5,15.5,,,1.2,13.9,1.8,15.3
33,31/05/1979,1.3,16.1,,,,,1.0,16.7,,,0.9,14.0,,,,,1.0,15.0,,,0.9,13.6,1.0,15.7
34,30/06/1979,1.2,16.1,,,,,1.0,16.1,,,2.7,16.8,,,,,2.1,16.5,,,0.8,13.3,1.1,15.9
35,31/07/1979,1.2,16.1,,,,,1.1,16.0,,,1.1,17.8,,,,,1.0,17.0,,,0.7,12.8,1.0,15.5
36,31/08/1979,1.2,16.4,,,,,0.9,15.3,,,1.8,18.9,,,,,1.5,17.6,,,1.0,12.4,1.1,15.1
37,30/09/1979,1.3,16.4,,,,,0.8,14.5,,,2.0,19.8,,,,,1.6,18.0,,,0.9,12.2,0.7,14.6
38,31/10/1979,1.2,16.0,,,,,1.2,14.2,,,1.2,19.4,,,,,1.1,17.6,,,1.0,12.4,1.0,14.4
39,30/11/1979,1.2,15.8,,,,,0.5,13.2,,,2.2,20.7,,,,,1.7,18.1,,,1.2,12.9,1.2,14.6
40,31/12/1979,1.2,15.6,,,,,0.4,12.2,,,1.3,20.6,,,,,1.2,17.9,,,1.0,13.1,1.1,14.6
41,31/01/1980,1.1,15.4,,,,,1.6,12.6,,,1.0,21.1,,,,,1.1,18.0,,,2.2,14.0,1.7,15.2
42,29/02/1980,1.0,14.9,,,,,1.7,13.1,,,1.9,21.4,,,,,1.6,18.2,,,1.1,13.9,1.7,15.7
43,31/03/1980,0.9,14.8,,,,,1.0,13.0,,,1.5,21.6,,,,,1.3,18.2,,,0.5,13.3,1.1,15.6
44,30/04/1980,3.0,17.0,,,,,0.8,12.6,,,0.6,19.9,,,,,1.3,17.9,,,0.8,12.7,0.9,14.6
45,31/05/1980,1.3,17.0,,,,,1.1,12.7,,,1.7,20.8,,,,,1.4,18.5,,,0.9,12.8,0.9,14.4
46,30/06/1980,1.0,16.8,,,,,1.1,12.8,,,0.7,18.4,,,,,1.0,17.1,,,1.2,13.3,1.3,14.6
47,31/07/1980,1.3,16.9,,,,,1.1,12.8,,,2.0,19.6,,,,,1.6,17.8,,,1.3,14.1,1.3,14.9
48,31/08/1980,1.2,16.9,,,,,1.3,13.2,,,1.1,18.7,,,,,1.2,17.4,,,1.1,14.1,1.2,15.1
49,30/09/1980,1.1,16.7,,,,,1.3,13.7,,,1.0,17.5,,,,,1.0,16.7,,,1.0,14.3,1.3,15.7
50,31/10/1980,1.3,16.8,,,,,1.5,14.2,,,1.9,18.4,,,,,1.7,17.3,,,1.3,14.5,2.0,16.8
51,30/11/1980,1.4,17.0,,,,,1.8,15.6,,,1.3,17.3,,,,,1.3,17.0,,,1.2,14.5,1.6,17.3
52,31/12/1980,1.2,17.0,,,,,1.7,17.1,,,1.5,17.4,,,,,1.4,17.2,,,1.0,14.4,1.3,17.5
53,31/01/1981,1.2,17.1,,,,,1.2,16.7,,,1.9,18.4,,,,,1.6,17.7,,,0.8,12.9,0.9,16.6
54,28/02/1981,1.2,17.2,,,,,1.2,16.1,,,1.1,17.5,,,,,1.2,17.2,,,0.8,12.5,0.9,15.6
55,31/03/1981,1.1,17.5,,,,,1.3,16.5,,,1.6,17.6,,,,,1.5,17.4,,,0.9,13.0,1.0,15.5
56,30/04/1981,0.7,14.8,,,,,2.0,17.9,,,2.3,19.5,,,,,1.6,17.8,,,0.9,13.2,1.4,16.0
57,31/05/1981,0.8,14.2,,,,,2.0,18.8,,,2.4,20.3,,,,,1.8,18.2,,,1.1,13.4,1.2,16.4
58,30/06/1981,1.5,14.7,,,,,2.0,19.9,,,1.1,20.7,,,,,1.4,18.7,,,1.2,13.4,1.5,16.6
59,31/07/1981,1.3,14.8,,,,,2.0,20.9,,,1.9,20.6,,,,,1.7,18.8,,,0.7,12.7,1.4,16.7
60,31/08/1981,0.7,14.2,,,,,2.0,21.8,,,1.5,21.1,,,,,1.4,19.0,,,0.8,12.4,1.5,17.0
61,30/09/1981,0.7,13.8,,,,,1.7,22.3,,,1.5,21.7,,,,,1.3,19.3,,,0.8,12.2,1.2,17.0
62,31/10/1981,0.6,13.0,,,,,1.7,22.5,,,1.7,21.5,,,,,1.4,19.0,,,1.0,11.9,1.1,15.9
63,30/11/1981,0.5,12.1,,,,,1.5,22.2,,,1.5,21.8,,,,,1.2,18.8,,,0.8,11.5,1.0,15.2
64,31/12/1981,0.6,11.5,,,,,1.6,22.1,,,2.1,22.5,,,,,1.6,19.0,,,0.7,11.2,1.4,15.2
65,31/01/1982,0.6,10.8,,,,,1.6,22.5,,,2.5,23.3,,,,,1.9,19.3,,,1.0,11.4,1.3,15.7
66,28/02/1982,0.7,10.2,,,,,1.5,22.9,,,1.5,23.9,,,,,1.3,19.5,,,0.9,11.5,1.3,16.1
67,31/03/1982,0.5,9.6,,,,,1.0,22.6,,,1.7,24.0,,,,,1.4,19.4,,,0.8,11.4,0.9,16.1
68,30/04/1982,0.8,9.8,,,,,1.1,21.4,,,2.8,24.7,,,,,1.9,19.7,,,1.1,11.6,1.4,16.1
69,31/05/1982,0.6,9.6,,,,,1.2,20.5,,,0.5,22.4,,,,,0.6,18.3,,,1.8,12.3,1.5,16.5
70,30/06/1982,0.7,8.8,,,,,1.3,19.7,,,0.8,22.0,,,,,0.9,17.7,,,0.2,11.2,0.9,15.8
71,31/07/1982,0.8,8.2,,,,,1.1,18.7,,,1.6,21.6,,,,,1.3,17.2,,,0.6,11.0,1.3,15.7
72,31/08/1982,0.4,7.8,,,,,1.1,17.8,,,1.3,21.3,,,,,1.1,16.8,,,0.6,10.9,0.7,14.7
73,30/09/1982,0.4,7.5,,,,,1.2,17.2,,,1.2,21.0,,,,,1.0,16.5,,,1.1,11.1,1.1,14.6
74,31/10/1982,0.5,7.4,,,,,0.7,16.0,,,0.7,19.8,,,,,0.7,15.7,,,0.3,10.5,1.1,14.6
75,30/11/1982,0.5,7.4,,,,,1.1,15.6,,,0.8,19.0,,,,,0.7,15.1,,,1.2,10.9,1.0,14.6
76,31/12/1982,0.4,7.2,,,,,1.0,15.0,,,0.1,16.6,,,,,0.3,13.7,,,1.2,11.5,1.2,14.4
77,31/01/1983,0.5,7.1,,,,,0.9,14.1,,,1.0,14.9,,,,,0.9,12.6,,,0.7,11.1,1.4,14.5
78,28/02/1983,0.6,7.1,,,,,1.7,14.3,,,2.5,16.0,,,,,1.9,13.2,,,1.2,11.5,1.4,14.6
79,31/03/1983,1.0,7.6,,,,,1.7,15.1,,,1.4,15.6,,,,,1.4,13.3,,,2.0,12.8,1.5,15.2
80,30/04/1983,0.9,7.8,,,,,1.4,15.5,,,-0.1,12.3,,,,,0.3,11.5,,,0.6,12.3,1.0,14.7
81,31/05/1983,0.6,7.7,,,,,1.2,15.6,,,0.4,12.2,,,,,0.6,11.4,,,1.3,11.8,1.3,14.4
82,30/06/1983,0.7,7.6,,,,,0.9,15.2,,,0.5,11.9,,,,,0.6,11.1,,,1.1,12.8,1.2,14.8
83,31/07/1983,0.8,7.6,,,,,1.3,15.4,,,-0.1,9.9,,,,,0.3,10.0,,,1.0,13.3,0.7,14.2
84,31/08/1983,0.8,8.2,,,,,1.0,15.3,,,0.2,8.7,,,,,0.5,9.4,,,1.0,13.7,1.0,14.6
85,30/09/1983,1.0,8.8,,,,,1.5,15.6,,,0.1,7.5,,,,,0.6,9.0,,,1.0,13.6,0.8,14.3
86,31/10/1983,0.8,9.1,,,,,1.2,16.1,,,-0.2,6.6,,,,,0.3,8.5,,,0.9,14.3,0.1,13.1
87,30/11/1983,0.8,9.4,,,,,1.8,17.0,,,1.7,7.6,,,,,1.5,9.4,,,1.1,14.2,1.1,13.2
88,31/12/1983,1.0,10.0,,,,,1.5,17.5,,,2.0,9.6,,,,,1.6,10.8,,,1.3,14.3,1.9,14.1
89,31/01/1984,1.0,10.5,,,,,1.7,18.4,,,0.7,9.4,,,,,1.0,10.9,,,1.2,14.9,1.0,13.6
90,29/02/1984,1.0,10.9,,,,,1.6,18.3,,,0.4,7.1,,,,,0.8,9.7,,,1.4,15.1,1.0,13.2
91,31/03/1984,1.1,11.0,,,,,1.3,17.9,,,2.0,7.8,,,,,1.7,10.1,,,0.8,13.6,1.4,13.2
92,30/04/1984,1.1,11.2,,,,,2.5,19.1,,,1.7,9.8,,,,,1.6,11.5,,,0.5,13.5,1.3,13.6
93,31/05/1984,1.5,12.2,,,,,1.8,19.8,,,-0.1,9.3,,,,,0.7,11.6,,,0.7,12.8,0.3,12.4
94,30/06/1984,0.8,12.3,,,,,0.2,18.9,,,3.9,13.0,,,,,2.4,13.7,,,0.9,12.5,1.4,12.6
95,31/07/1984,-0.4,11.0,,,,,1.2,18.8,,,1.9,15.3,,,,,1.1,14.7,,,1.2,12.8,0.1,11.9
96,31/08/1984,2.2,12.5,,,,,1.5,19.4,,,3.1,18.6,,,,,2.6,17.0,,,1.4,13.2,1.0,11.9
97,30/09/1984,1.5,13.0,,,,,1.5,19.4,,,2.2,21.1,,,,,2.0,18.7,,,1.0,13.2,0.9,12.0
98,31/10/1984,1.4,13.6,,,,,1.9,20.3,,,2.3,24.1,,,,,2.0,20.7,,,1.2,13.5,1.0,13.1
99,30/11/1984,1.4,14.3,,,,,1.1,19.4,,,1.9,24.3,,,,,1.7,20.9,,,1.5,14.0,1.5,13.6
100,31/12/1984,1.5,14.9,,,,,1.9,19.8,,,1.5,23.7,,,,,1.5,20.8,,,1.3,14.0,1.1,12.7
101,31/01/1985,1.5,15.5,,,,,1.4,19.5,,,1.6,24.8,,,,,1.6,21.6,,,1.7,14.6,1.1,12.9
102,28/02/1985,1.4,15.9,,,,,1.3,19.2,,,1.5,26.1,,,,,1.4,22.3,,,1.3,14.5,1.0,12.9
103,31/03/1985,1.3,16.2,,,,,1.5,19.5,,,1.7,25.7,,,,,1.6,22.2,,,1.2,15.0,0.8,12.2
104,30/04/1985,1.3,16.4,,,,,1.7,18.5,,,1.5,25.4,,,,,1.4,22.0,,,1.2,15.7,1.3,12.2
105,31/05/1985,1.6,16.6,,,,,2.0,18.7,,,1.9,27.9,,,,,1.9,23.5,,,1.4,16.5,1.3,13.3
106,30/06/1985,1.2,17.1,,,,,2.2,21.0,,,2.2,25.9,,,,,1.8,22.8,,,0.2,15.6,1.0,12.8
107,31/07/1985,1.5,19.2,,,,,2.5,22.5,,,1.9,25.9,,,,,1.9,23.6,,,2.4,17.1,1.7,14.6
108,31/08/1985,1.5,18.4,,,,,0.7,21.5,,,2.0,24.6,,,,,1.7,22.5,,,1.1,16.7,1.5,15.1
109,30/09/1985,1.1,18.1,,,,,1.4,21.5,,,2.5,24.9,,,,,2.0,22.6,,,1.3,16.9,1.8,16.2
110,31/10/1985,1.3,18.0,,,,,1.6,21.1,,,2.1,24.7,,,,,1.8,22.4,,,0.6,16.2,1.2,16.4
111,30/11/1985,1.4,18.0,,,,,0.9,21.0,,,2.3,25.2,,,,,1.9,22.7,,,0.8,15.3,1.0,15.8
112,31/12/1985,1.0,17.4,,,,,0.8,19.7,,,1.5,25.2,,,,,1.2,22.4,,,0.3,14.2,0.6,15.3
113,31/01/1986,0.8,16.6,,,,,0.4,18.5,,,1.3,24.9,,,,,1.1,21.8,,,0.3,12.5,0.3,14.3
114,28/02/1986,1.0,16.2,,,,,1.2,18.4,,,2.5,26.2,,,,,2.0,22.4,,,0.2,11.3,1.0,14.3
115,31/03/1986,0.7,15.5,,,,,0.7,17.4,,,1.6,26.0,,,,,1.3,22.0,,,1.5,11.7,1.9,15.6
116,30/04/1986,0.4,14.4,,,,,1.1,16.7,,,2.5,27.2,,,,,1.7,22.4,,,1.4,12.0,2.0,16.4
117,31/05/1986,0.7,13.5,,,,,-0.1,14.4,,,1.7,26.9,,,,,1.3,21.6,,,0.9,11.5,1.1,16.2
118,30/06/1986,0.7,12.9,,,,,0.4,12.3,,,1.6,26.2,,,,,1.1,20.7,,,0.6,12.0,1.1,16.3
119,31/07/1986,0.8,12.2,,,,,0.3,10.0,,,4.2,29.1,,,,,2.9,21.9,,,0.6,9.9,1.0,15.5
120,31/08/1986,0.8,11.4,,,,,0.5,9.8,,,2.7,30.0,,,,,2.0,22.3,,,0.7,9.5,0.8,14.8
121,30/09/1986,0.9,11.1,,,,,0.6,8.8,,,1.1,28.2,,,,,1.0,21.1,,,0.3,8.5,0.7,13.5
122,31/10/1986,0.8,10.6,,,,,0.3,7.3,,,1.7,27.8,,,,,1.3,20.6,,,0.8,8.8,1.4,13.7
123,30/11/1986,0.8,9.9,,,,,0.6,7.0,,,0.8,25.9,,,,,0.8,19.2,,,0.1,8.0,0.6,13.3
124,31/12/1986,0.8,9.7,,,,,0.4,6.5,,,1.7,26.1,,,,,1.3,19.3,,,1.1,8.8,1.1,13.9
125,31/01/1987,1.1,9.9,,,,,0.7,6.8,,,1.5,26.3,,,,,1.3,19.5,,,1.3,9.9,1.2,15.0
126,28/02/1987,0.9,9.8,,,,,0.9,6.5,,,1.6,25.2,,,,,1.4,18.8,,,0.9,10.7,1.1,15.1
127,31/03/1987,0.8,9.8,,,,,0.2,6.0,,,1.2,24.7,,,,,1.0,18.5,,,0.1,9.1,0.9,13.9
128,30/04/1987,0.8,10.2,,,,,0.1,5.0,,,3.0,25.4,,,,,2.2,19.0,,,0.5,8.1,0.8,12.5
129,31/05/1987,1.5,11.1,,,,,-0.2,4.9,,,1.9,25.7,,,,,1.6,19.4,,,1.7,9.0,1.7,13.2
130,30/06/1987,1.2,11.6,,,,,0.2,4.8,,,0.2,23.9,,,,,0.3,18.5,,,1.1,9.6,1.4,13.5
131,31/07/1987,1.0,11.8,,,,,-0.7,3.7,,,2.6,22.0,,,,,1.8,17.3,,,1.4,10.4,1.9,14.5
132,31/08/1987,0.8,11.8,,,,,1.8,5.1,,,2.0,21.1,,,,,1.7,16.9,,,1.0,10.8,1.6,15.4
133,30/09/1987,1.2,12.2,,,,,0.1,4.6,,,1.5,21.5,,,,,1.3,17.3,,,1.1,11.6,1.2,16.0
134,31/10/1987,1.0,12.4,,,,,0.1,4.5,,,1.9,21.7,,,,,1.5,17.4,,,1.1,12.0,1.1,15.7
135,30/11/1987,0.9,12.5,,,,,0.4,4.2,,,2.8,24.1,,,,,2.1,19.0,,,1.5,13.5,1.5,16.7
136,31/12/1987,1.2,12.9,,,,,0.5,4.4,,,2.9,25.5,,,,,2.2,20.1,,,0.3,12.6,1.7,17.3
137,31/01/1988,1.3,13.2,,,,,0.3,4.0,,,3.7,28.3,,,,,2.8,21.8,,,0.6,11.8,2.6,19.0
138,29/02/1988,1.1,13.4,,,,,-0.2,2.8,,,2.5,29.3,,,,,1.9,22.4,,,0.6,11.5,1.1,18.9
139,31/03/1988,1.4,14.1,,,,,0.2,2.7,,,1.9,30.2,,,,,1.6,23.2,,,1.1,12.7,1.7,19.9
140,30/04/1988,1.3,14.7,,,,,-0.3,2.3,,,1.9,28.8,,,,,1.6,22.5,,,0.9,13.2,1.3,20.5
141,31/05/1988,1.4,14.6,,,,,0.6,3.0,,,1.8,28.6,,,,,1.6,22.5,,,1.2,12.6,1.3,20.1
142,30/06/1988,1.6,15.2,,,,,-0.4,2.4,,,2.4,31.5,,,,,2.0,24.4,,,1.6,13.0,1.6,20.4
143,31/07/1988,1.8,16.1,,,,,0.7,3.8,,,1.9,30.6,,,,,1.7,24.3,,,0.5,12.0,0.9,19.2
144,31/08/1988,2.0,17.5,,,,,0.6,2.6,,,1.4,29.8,,,,,1.5,24.0,,,1.1,12.2,0.9,18.4
145,30/09/1988,2.1,18.5,,,,,1.5,4.1,,,2.1,30.6,,,,,2.1,24.9,,,1.6,12.8,1.5,18.8
146,31/10/1988,1.5,19.1,,,,,1.4,5.4,,,2.2,31.0,,,,,2.0,25.5,,,2.1,13.9,1.7,19.4
147,30/11/1988,1.9,20.2,,,,,1.6,6.7,,,1.8,29.7,,,,,1.8,25.1,,,1.9,14.3,1.5,19.4
148,31/12/1988,1.8,20.9,,,,,1.4,7.6,,,1.4,27.8,,,,,1.5,24.2,,,2.3,16.6,1.8,19.6
149,31/01/1989,1.6,21.2,,,,,1.6,9.0,,,-0.2,23.0,,,,,0.3,21.2,,,1.7,17.9,-0.3,16.2
150,28/02/1989,1.7,22.0,,,,,0.9,10.3,,,1.6,22.0,,,,,1.6,20.8,,,2.0,19.5,1.0,16.2
151,31/03/1989,1.8,22.5,,,,,1.1,11.3,,,1.2,21.2,,,,,1.4,20.4,,,1.8,20.3,1.1,15.5
152,30/04/1989,1.8,23.1,,,,,0.4,12.2,,,1.3,20.5,,,,,1.3,20.1,,,1.7,21.3,0.9,15.0
153,31/05/1989,1.5,23.2,,,,,1.4,13.0,,,2.0,20.9,,,,,1.8,20.4,,,1.4,21.6,1.1,14.7
154,30/06/1989,1.3,22.8,,,,,3.0,16.9,,,1.3,19.5,,,,,1.5,19.9,,,1.9,22.0,1.7,14.8
155,31/07/1989,1.5,22.5,,,,,2.5,18.9,,,0.8,18.2,,,,,1.1,19.1,,,1.5,23.3,0.7,14.6
156,31/08/1989,1.0,21.3,,,,,0.1,18.3,,,1.2,18.0,,,,,1.0,18.6,,,1.9,24.2,0.9,14.5
157,30/09/1989,0.8,19.8,,,,,0.0,16.6,,,1.6,17.5,,,,,1.2,17.6,,,0.1,22.4,0.2,12.9
158,31/10/1989,1.1,19.3,,,,,0.2,15.1,,,0.9,16.0,,,,,0.8,16.3,,,0.8,20.9,0.5,11.6
159,30/11/1989,1.1,18.3,,,,,0.6,14.0,,,1.1,15.1,,,,,1.0,15.4,,,0.7,19.5,0.6,10.6
160,31/12/1989,1.1,17.5,,,,,0.7,13.3,,,0.8,14.4,,,,,0.8,14.7,,,0.8,17.8,1.1,9.8
161,31/01/1990,1.2,17.1,,,,,0.3,11.9,,,0.1,14.8,,,,,0.4,14.8,,,1.1,17.1,0.8,11.0
162,28/02/1990,1.2,16.5,0.9,,4.4,,0.5,11.4,,,1.8,15.1,,,,,1.5,14.8,,,1.1,16.1,0.5,10.3
163,31/03/1990,1.0,15.6,0.9,,3.0,,0.1,10.3,,,1.9,15.8,,,,,1.4,14.9,,,0.9,15.0,0.3,9.4
164,30/04/1990,1.1,14.8,1.3,,2.6,,2.0,12.0,,,1.3,15.8,,,,,1.4,15.0,,,1.2,14.5,0.8,9.3
165,31/05/1990,1.0,14.1,1.1,,2.3,,0.4,11.0,,,0.2,13.7,,,,,0.4,13.4,,,0.5,13.5,0.3,8.5
166,30/06/1990,1.0,13.7,0.9,,3.1,,0.6,8.3,,,0.6,12.9,,,,,0.6,12.4,,,0.7,12.1,0.2,6.9
167,31/07/1990,1.0,13.2,0.2,,3.8,,0.7,6.5,,,0.8,12.9,,,,,0.8,12.0,,,0.2,10.7,0.2,6.3
168,31/08/1990,1.3,13.6,1.2,,6.0,,-2.4,3.8,,,0.7,12.4,,,,,0.5,11.4,,,0.9,9.6,0.7,6.2
169,30/09/1990,0.5,13.2,0.6,,1.4,,0.9,4.7,,,-0.3,10.3,,,,,0.1,10.2,,,1.1,10.7,0.4,6.5
170,31/10/1990,0.9,13.1,1.2,,0.3,,0.3,4.9,,,0.5,9.9,,,,,0.6,9.9,,,0.6,10.4,0.3,6.3
171,30/11/1990,0.8,12.8,0.6,,3.4,,-0.8,3.3,,,0.1,8.8,,,,,0.1,9.0,,,1.0,10.7,0.5,6.2
172,31/12/1990,0.9,12.6,0.9,,1.4,,0.0,2.6,,,0.6,8.6,,,,,0.6,8.7,,,0.8,10.7,0.0,5.1
173,31/01/1991,1.0,12.3,1.1,11.4,2.7,40.1,0.2,2.4,,,0.1,8.6,,,,,0.3,8.6,,,-0.8,8.6,-0.4,3.9
174,28/02/1991,1.0,12.1,0.8,11.2,2.2,37.2,0.0,1.9,,,0.1,6.7,,,,,0.3,7.3,,,-0.1,7.2,0.1,3.6
175,31/03/1991,0.7,11.8,0.7,11.0,1.6,35.3,-0.6,1.2,,,-0.5,4.2,,,,,-0.2,5.6,,,0.4,6.8,0.2,3.5
176,30/04/1991,0.7,11.3,0.6,10.3,1.5,33.8,0.0,-0.8,,,-0.3,2.5,,,,,0.0,4.1,,,0.0,5.5,-0.5,2.1
177,31/05/1991,0.8,11.1,0.8,10.0,1.8,33.1,0.0,-1.2,,,-0.7,1.6,,,,,-0.3,3.4,,,0.8,5.7,-0.2,1.6
178,30/06/1991,0.9,11.1,0.9,9.9,2.2,32.0,-1.1,-2.9,,,-0.4,0.6,,,,,-0.2,2.6,,,0.3,5.4,-0.1,1.3
179,31/07/1991,0.9,11.0,0.6,10.3,0.6,28.0,-0.9,-4.4,,,-0.5,-0.7,,,,,-0.2,1.6,,,0.3,5.4,-0.2,0.9
180,31/08/1991,0.7,10.3,1.0,10.1,-0.4,20.3,-0.4,-2.5,,,-0.2,-1.6,,,,,0.0,1.1,,,0.3,4.8,-0.5,-0.3
181,30/09/1991,0.8,10.6,0.7,10.1,1.7,20.6,-0.3,-3.6,,,-0.4,-1.7,,,,,0.0,1.0,,,0.6,4.2,0.6,-0.1
182,31/10/1991,1.2,10.9,1.9,11.0,1.2,21.6,-0.5,-4.4,,,-0.8,-3.0,,,,,-0.2,0.1,,,-0.2,3.4,-0.2,-0.6
183,30/11/1991,1.1,11.3,1.3,11.7,1.6,19.5,-0.3,-3.9,,,-0.4,-3.4,,,,,0.0,0.1,,,-0.1,2.2,-0.4,-1.5
184,31/12/1991,1.1,11.6,0.9,11.8,1.8,20.0,-0.9,-4.7,,,-0.6,-4.5,,,,,-0.2,-0.7,,,0.6,2.1,-0.2,-1.7
185,31/01/1992,0.8,11.4,1.0,11.7,0.8,17.8,-0.3,-5.2,,,-0.2,-4.9,,,,,0.0,-1.0,,,0.1,3.0,0.1,-1.3
186,29/02/1992,0.9,11.3,0.8,11.7,0.8,16.1,-0.5,-5.6,,,-0.3,-5.2,,,,,0.0,-1.3,,,0.4,3.5,0.2,-1.2
187,31/03/1992,0.9,11.5,0.9,12.0,1.1,15.6,0.1,-4.9,,,-1.1,-5.8,,,,,-0.4,-1.5,,,-0.6,2.5,-0.2,-1.6
188,30/04/1992,1.0,11.8,0.8,12.2,1.2,15.3,-0.7,-5.6,,,-0.9,-6.4,,,,,-0.3,-1.8,,,0.9,3.4,0.6,-0.5
189,31/05/1992,1.0,12.0,0.8,12.1,1.8,15.3,-0.5,-6.0,,,-0.4,-6.1,,,,,-0.1,-1.6,,,0.4,3.1,0.3,0.0
190,30/06/1992,1.0,12.1,0.9,12.1,0.4,13.3,-0.2,-5.1,,,0.0,-5.7,,,,,0.2,-1.2,,,0.1,2.9,-0.2,-0.1
191,31/07/1992,1.0,12.2,1.2,12.7,0.4,13.0,0.6,-3.8,,,-1.5,-6.7,,,,,-0.5,-1.5,,,0.6,3.2,0.5,0.7
192,31/08/1992,1.0,12.5,0.8,12.5,1.6,15.2,-0.6,-4.0,,,0.0,-6.5,,,,,0.2,-1.3,,,0.9,3.8,0.9,2.0
193,30/09/1992,1.0,12.8,0.9,12.8,1.0,14.4,0.1,-3.7,,,0.2,-5.9,,,,,0.5,-0.8,,,0.1,3.2,0.1,1.5
194,31/10/1992,1.5,13.0,1.2,12.1,1.9,15.3,0.7,-2.5,,,-0.9,-6.0,,,,,0.0,-0.6,,,0.0,3.5,-0.1,1.6
195,30/11/1992,1.3,13.2,1.2,12.0,1.9,15.7,0.2,-2.0,,,-0.7,-6.3,,,,,0.0,-0.6,,,0.5,4.2,0.1,2.1
196,31/12/1992,1.2,13.3,1.0,12.1,1.8,15.7,-0.7,-1.8,,,-1.2,-6.9,,,,,-0.4,-0.8,,,0.5,4.0,-0.1,2.3
197,31/01/1993,1.2,13.6,1.2,12.3,2.2,17.4,-0.4,-1.9,,,0.3,-6.4,,,,,0.5,-0.4,,,0.7,4.7,0.9,3.1
198,28/02/1993,1.2,14.0,1.0,12.5,1.7,18.4,0.1,-1.3,,,0.1,-6.0,,,,,0.4,0.0,,,0.7,4.9,0.5,3.5
199,31/03/1993,1.3,14.4,1.3,12.9,1.5,18.9,0.3,-1.1,,,-0.3,-5.3,,,,,0.3,0.7,,,0.4,5.9,0.0,3.6
200,30/04/1993,1.4,15.0,1.3,13.5,2.4,20.3,-0.5,-1.0,,,-0.2,-4.6,,,,,0.3,1.4,,,0.2,5.2,0.0,3.1
201,31/05/1993,1.4,15.4,1.3,14.0,2.0,20.5,-0.1,-0.6,,,-0.1,-4.3,,,,,0.3,1.8,,,0.2,5.0,0.4,3.1
202,30/06/1993,1.5,16.0,1.3,14.6,1.8,22.2,-0.1,-0.5,,,-0.4,-4.7,,,,,0.2,1.8,,,1.2,6.1,0.5,3.9
203,31/07/1993,1.4,16.5,1.1,14.5,1.9,24.1,-0.1,-1.2,,,-0.3,-3.5,,,,,0.4,2.7,,,0.5,6.0,0.1,3.5
204,31/08/1993,1.3,16.8,1.2,14.9,1.8,24.3,0.3,-0.2,,,-0.1,-3.5,,,,,0.4,2.9,,,-0.2,4.8,-0.1,2.5
205,30/09/1993,1.5,17.4,1.4,15.5,2.3,25.9,0.4,0.2,,,-0.1,-3.9,,,,,0.5,3.0,,,1.0,5.8,0.4,2.8
206,31/10/1993,1.4,17.3,1.2,15.5,2.0,26.0,-0.1,-0.6,,,-0.2,-3.3,,,,,0.4,3.3,,,0.5,6.2,0.2,3.1
207,30/11/1993,1.4,17.4,1.2,15.5,1.6,25.6,0.6,-0.3,,,0.1,-2.4,,,,,0.6,3.9,,,0.5,6.2,0.2,3.2
208,31/12/1993,1.6,18.0,1.6,16.2,1.5,25.3,0.4,0.8,,,-0.2,-1.4,,,,,0.5,4.9,,,0.6,6.3,0.5,3.7
209,31/01/1994,1.6,18.4,1.4,16.5,1.5,24.4,0.2,1.3,,,0.0,-1.7,,,,,0.6,5.0,,,1.0,6.6,1.2,4.0
210,28/02/1994,1.7,19.0,1.6,17.2,2.0,24.8,0.6,1.8,,,-0.3,-2.1,,,,,0.5,5.0,,,0.5,6.4,-0.3,3.2
211,31/03/1994,1.9,19.7,1.7,17.7,2.5,26.0,0.3,1.8,,,0.1,-1.7,,,,,0.7,5.5,,,1.1,7.2,1.1,4.3
212,30/04/1994,1.7,20.1,1.8,18.3,2.0,25.5,0.6,3.0,,,0.3,-1.2,,,,,0.9,6.2,,,0.8,7.8,0.6,4.9
213,31/05/1994,1.8,20.6,1.7,18.8,2.6,26.2,0.2,3.2,,,0.1,-1.0,,,,,0.7,6.6,,,0.6,8.3,0.5,5.1
214,30/06/1994,1.8,21.0,1.7,19.2,2.4,26.9,0.7,4.1,,,0.2,-0.3,,,,,0.8,7.2,,,0.5,7.6,0.6,5.1
215,31/07/1994,1.6,21.2,1.5,19.6,2.6,27.7,0.2,4.4,,,0.6,0.6,,,,,1.1,8.0,,,0.8,8.0,1.1,6.1
216,31/08/1994,1.7,21.7,1.5,20.0,1.9,28.0,0.7,4.8,,,0.3,0.9,,,,,0.9,8.4,,,0.9,9.1,0.7,6.9
217,30/09/1994,1.4,21.6,1.2,19.8,2.1,27.8,0.5,4.9,,,-0.1,1.0,,,,,0.6,8.5,,,0.2,8.2,0.2,6.7
218,31/10/1994,1.1,21.3,1.1,19.6,1.4,27.1,0.5,5.6,,,0.9,2.1,,,,,1.0,9.1,,,0.9,8.7,1.0,7.5
219,30/11/1994,1.4,21.3,1.2,19.6,1.8,27.3,0.9,6.0,,,0.3,2.3,,,,,0.8,9.3,,,0.9,9.2,0.9,8.3
220,31/12/1994,1.3,20.8,1.1,18.9,1.9,27.8,1.0,6.6,,,-0.1,2.4,,,,,0.6,9.4,,,0.9,9.6,0.5,8.3
221,31/01/1995,1.2,20.4,1.1,18.5,1.7,28.1,0.8,7.3,,,0.1,2.5,,,,,0.6,9.4,,,-0.3,8.2,0.3,7.3
222,28/02/1995,1.1,19.7,1.0,17.8,1.6,27.6,0.6,7.3,,,0.6,3.5,,,,,0.8,9.8,,,0.5,8.2,0.3,7.9
223,31/03/1995,1.1,18.8,0.9,16.9,1.6,26.4,1.1,8.2,,,0.3,3.7,,,,,0.7,9.7,,,1.0,8.1,0.8,7.6
224,30/04/1995,0.7,17.6,0.7,15.7,0.9,25.1,1.2,8.8,,,0.6,4.0,,,,,0.7,9.6,,,0.5,7.7,0.5,7.5
225,31/05/1995,0.8,16.5,0.8,14.6,0.7,22.8,1.3,10.0,,,0.9,4.8,,,,,0.9,9.7,,,0.5,7.6,0.8,7.7
226,30/06/1995,0.7,15.3,0.6,13.5,1.1,21.2,0.8,10.1,,,1.0,5.6,,,,,0.7,9.7,,,0.3,7.3,0.2,7.3
227,31/07/1995,0.8,14.3,0.6,12.4,1.0,19.3,1.0,10.9,,,0.0,5.0,,,,,0.6,9.2,,,0.5,7.0,0.6,6.8
228,31/08/1995,0.8,13.3,0.8,11.6,0.9,18.1,0.8,11.1,,,0.9,5.6,,,,,0.8,9.1,,,0.9,7.1,0.7,6.8
229,30/09/1995,1.0,12.8,0.8,11.2,1.9,17.8,0.7,11.3,,,1.5,7.2,,,,,1.2,9.8,,,1.2,8.1,0.8,7.5
230,31/10/1995,1.1,12.8,0.9,11.0,2.1,18.5,0.5,11.3,,,0.8,7.1,,,,,0.9,9.7,,,0.8,8.1,0.9,7.5
231,30/11/1995,1.1,12.4,1.0,10.8,1.4,18.1,0.4,10.8,,,1.4,8.3,,,,,1.2,10.2,,,0.8,7.9,0.8,7.3
232,31/12/1995,1.2,12.3,1.1,10.7,1.8,18.0,0.6,10.3,,,1.7,10.2,,,,,1.3,11.0,,,1.5,8.5,0.9,7.8
233,31/01/1996,1.0,12.2,0.9,10.6,1.2,17.3,0.8,10.4,,,1.2,11.3,,,,,1.1,11.5,,,0.3,9.2,0.7,8.2
234,29/02/1996,0.9,11.9,0.8,10.4,1.1,16.8,0.7,10.4,,,1.8,12.6,,,,,1.4,12.1,,,0.7,9.4,1.3,9.3
235,31/03/1996,0.9,11.7,0.9,10.4,1.4,16.6,0.8,10.1,,,1.4,13.8,,,,,1.1,12.6,,,0.5,9.0,0.8,9.4
236,30/04/1996,0.9,11.9,0.9,10.5,1.2,16.9,0.5,9.4,,,1.1,14.4,,,,,1.0,12.9,,,0.6,9.0,0.6,9.6
237,31/05/1996,0.8,11.9,0.7,10.5,1.2,17.5,1.4,9.5,,,0.3,13.6,,,,,0.5,12.5,,,-0.1,8.4,0.2,8.9
238,30/06/1996,0.8,12.0,0.7,10.6,1.4,17.9,1.7,10.4,,,0.8,13.4,,,,,0.7,12.5,,,1.3,9.5,0.7,9.4
239,31/07/1996,1.1,12.3,0.9,11.0,1.0,17.9,2.2,11.7,,,1.4,15.1,,,,,1.6,13.6,,,1.0,10.0,0.8,9.6
240,31/08/1996,0.9,12.4,0.9,11.1,1.2,18.3,0.9,11.8,,,0.3,14.4,,,,,0.6,13.4,,,0.6,9.6,0.4,9.4
241,30/09/1996,0.9,12.4,0.8,11.1,1.5,17.8,0.5,11.6,,,0.7,13.5,,,,,0.8,12.9,,,-0.1,8.2,0.3,8.8
242,31/10/1996,0.8,12.1,0.7,10.9,1.4,17.0,0.6,11.6,,,0.9,13.7,,,,,0.9,12.8,,,1.9,9.4,1.8,9.7
243,30/11/1996,0.8,11.7,0.6,10.5,1.3,16.9,0.3,11.5,,,0.2,12.4,,,,,0.5,12.0,,,1.1,9.7,0.4,9.3
244,31/12/1996,0.7,11.3,0.5,9.8,1.7,16.8,0.6,11.5,,,0.8,11.4,,,,,0.7,11.3,,,0.4,8.6,0.6,9.0
245,31/01/1997,0.9,11.2,0.6,9.5,1.8,17.5,1.0,11.7,,,1.0,11.1,,,,,1.0,11.2,,,0.8,9.2,0.6,8.9
246,28/02/1997,1.0,11.3,0.7,9.4,2.4,18.9,0.4,11.4,,,0.1,9.3,,,,,0.6,10.3,,,0.9,9.3,0.6,8.2
247,31/03/1997,0.8,11.1,0.3,8.8,2.2,19.7,0.5,11.0,,,0.5,8.4,,,,,0.6,9.7,,,0.6,9.3,0.6,7.9
248,30/04/1997,1.1,11.4,0.9,8.8,2.0,20.7,0.5,11.0,,,0.8,8.1,,,,,1.0,9.7,,,0.9,9.7,0.9,8.1
249,31/05/1997,1.1,11.6,0.7,8.7,2.5,22.3,0.5,10.1,,,1.4,9.3,,,,,1.1,10.3,,,0.8,10.7,1.0,9.0
250,30/06/1997,1.0,11.9,0.8,8.9,1.8,22.8,0.4,8.7,,,0.8,9.3,,,,,0.7,10.3,,,0.6,9.9,0.7,9.1
251,31/07/1997,1.1,11.9,0.8,8.7,2.1,24.1,0.9,7.4,,,1.5,9.3,,,,,1.5,10.1,,,0.2,9.0,0.4,8.7
252,31/08/1997,1.1,12.1,0.8,8.6,2.3,25.5,0.5,7.0,,,1.2,10.3,,,,,1.0,10.6,,,0.4,8.9,0.8,9.0
253,30/09/1997,1.0,12.1,0.6,8.4,2.1,26.3,1.0,7.5,,,0.6,10.2,,,,,0.8,10.7,,,0.1,9.1,0.5,9.3
254,31/10/1997,1.0,12.3,0.6,8.3,2.1,27.2,1.5,8.4,,,0.7,9.9,,,,,0.9,10.7,,,0.8,7.9,1.5,8.9
255,30/11/1997,0.9,12.4,0.4,8.0,2.5,28.7,1.4,9.6,,,1.1,10.9,,,,,1.1,11.4,,,0.5,7.3,0.0,8.5
256,31/12/1997,0.5,12.2,0.3,7.8,1.8,28.7,1.2,10.2,,,1.4,11.6,,,,,1.0,11.7,,,0.6,7.4,0.4,8.2
257,31/01/1998,0.8,12.1,0.6,7.8,2.3,29.3,1.0,10.2,,,0.4,11.0,,,,,0.7,11.3,,,0.4,6.9,0.5,8.1
258,28/02/1998,0.9,11.9,0.5,7.5,2.0,28.9,0.9,10.8,,,0.1,10.9,,,,,0.5,11.3,,,0.5,6.5,0.3,7.7
259,31/03/1998,1.0,12.1,0.6,7.8,1.6,28.1,0.7,11.0,,,0.8,11.3,,,,,0.8,11.6,,,0.3,6.3,0.6,7.7
260,30/04/1998,1.0,12.0,0.8,7.8,1.6,27.6,0.6,11.1,,,0.6,11.1,,,,,0.8,11.5,,,0.6,5.9,0.7,7.5
261,31/05/1998,1.1,12.0,0.9,8.0,1.8,26.7,0.9,11.4,,,0.2,9.7,,,,,0.6,10.8,,,0.4,5.5,0.2,6.6
262,30/06/1998,1.0,12.1,0.9,8.1,1.9,26.8,0.7,11.8,,,1.4,10.4,,,,,1.0,11.2,,,0.6,5.4,0.6,6.4
263,31/07/1998,0.9,11.9,0.6,7.9,2.0,26.8,0.9,11.7,,,1.1,9.9,,,,,1.2,10.9,,,1.2,6.4,0.9,7.0
264,31/08/1998,0.8,11.6,0.5,7.6,1.6,25.9,1.2,12.6,,,0.3,9.0,,,,,0.6,10.4,,,0.7,6.7,0.7,6.9
265,30/09/1998,0.8,11.3,0.5,7.5,1.6,25.3,1.2,12.8,,,0.8,9.2,,,,,0.8,10.4,,,0.8,7.5,0.7,7.1
266,31/10/1998,0.8,11.1,0.6,7.4,1.7,24.7,0.9,12.2,,,0.8,9.3,,,,,0.8,10.3,,,0.5,7.1,0.5,6.1
267,30/11/1998,1.0,11.3,0.8,7.8,1.9,24.1,1.0,11.7,,,0.7,8.9,,,,,0.9,10.1,,,0.4,7.0,0.5,6.6
268,31/12/1998,1.2,12.0,0.9,8.5,1.9,24.2,1.9,12.5,,,0.8,8.3,,,,,1.0,10.2,,,0.7,7.2,0.9,7.1
269,31/01/1999,0.9,12.0,0.6,8.6,1.7,23.6,2.2,13.8,,,0.9,8.8,,,,,1.0,10.6,,,0.9,7.7,0.9,7.6
270,28/02/1999,0.7,11.9,0.6,8.6,1.5,23.0,1.1,14.1,,,0.2,9.0,,,,,0.6,10.7,,,0.6,7.8,0.4,7.8
271,31/03/1999,1.1,12.0,0.8,8.8,1.5,22.9,1.3,14.8,,,0.9,9.0,,,,,1.0,10.8,,,1.0,8.5,0.5,7.7
272,30/04/1999,1.3,12.3,0.9,8.9,2.4,23.9,1.0,15.3,,,1.0,9.4,,,,,1.2,11.2,,,1.0,9.0,0.8,8.0
273,31/05/1999,0.9,12.1,0.6,8.6,1.6,23.6,1.0,15.4,,,0.0,9.2,,,,,0.4,11.1,,,1.0,9.6,0.7,8.5
274,30/06/1999,1.0,12.0,0.6,8.3,1.9,23.6,1.5,16.2,,,0.5,8.4,,,,,0.7,10.7,,,1.0,10.1,0.9,8.9
275,31/07/1999,1.3,12.4,1.1,8.9,2.0,23.6,1.4,16.8,,,0.1,7.3,,,,,0.8,10.4,,,0.4,9.3,0.4,8.3
276,31/08/1999,1.2,12.9,1.0,9.4,1.8,23.7,1.4,17.0,,,0.5,7.5,,,,,0.9,10.7,,,0.6,9.1,0.3,7.9
277,30/09/1999,1.4,13.7,1.2,10.2,2.0,24.1,0.9,16.7,,,0.8,7.5,,,,,1.1,11.0,,,0.5,8.9,0.1,7.3
278,31/10/1999,1.2,14.1,1.0,10.7,2.3,24.8,1.5,17.4,,,0.7,7.4,,,,,1.0,11.2,,,0.6,9.0,0.1,6.8
279,30/11/1999,1.0,14.1,0.7,10.6,2.2,25.2,1.1,17.5,,,0.6,7.3,,,,,0.8,11.1,,,0.9,9.6,0.5,6.8
280,31/12/1999,1.5,14.4,1.1,10.8,2.4,25.8,0.9,16.4,,,0.8,7.2,,,,,1.0,11.1,,,0.4,9.2,0.3,6.2
281,31/01/2000,1.6,15.2,1.3,11.6,2.6,26.8,1.4,15.5,,,0.5,6.7,,,,,1.1,11.1,,,0.3,8.6,1.1,6.3
282,29/02/2000,1.4,15.9,1.2,12.2,2.1,27.6,0.8,15.2,,,1.3,7.8,,,,,1.3,11.9,,,0.4,8.4,0.9,6.8
283,31/03/2000,1.5,16.4,1.0,12.4,2.8,29.2,1.5,15.4,,,0.6,7.5,,,,,1.0,12.0,,,0.4,7.8,0.2,6.5
284,30/04/2000,1.2,16.3,0.8,12.4,2.0,28.7,1.4,15.9,,,0.5,7.0,,,,,1.0,11.8,,,0.8,7.5,0.8,6.4
285,31/05/2000,1.2,16.7,1.0,12.8,1.8,29.0,1.1,16.0,,,1.2,8.3,,,,,1.1,12.6,,,0.8,7.2,0.9,6.6
286,30/06/2000,1.2,17.0,1.1,13.4,1.6,28.7,1.5,16.1,,,0.9,8.7,,,,,1.1,13.0,,,0.7,7.0,0.9,6.6
287,31/07/2000,1.1,16.7,0.7,13.0,2.1,28.8,0.2,14.8,,,0.7,9.3,,,,,0.9,13.0,,,0.7,7.3,0.8,7.1
288,31/08/2000,0.9,16.4,0.9,12.9,0.9,27.7,0.5,13.8,,,1.0,9.9,,,,,0.9,13.0,,,0.7,7.4,0.4,7.2
289,30/09/2000,0.8,15.7,0.6,12.1,1.3,27.0,0.5,13.3,,,0.4,9.5,,,,,0.6,12.5,,,0.4,7.2,0.5,7.6
290,31/10/2000,0.8,15.2,0.8,11.9,1.0,25.3,1.0,12.7,,,0.9,9.7,,,,,0.9,12.4,,,0.7,7.3,1.2,8.7
291,30/11/2000,0.9,15.1,1.1,12.3,0.8,23.6,1.9,13.6,,,-0.1,9.0,,,,,0.6,12.1,,,-1.0,5.3,-0.8,7.4
292,31/12/2000,0.7,14.2,0.8,11.9,0.2,20.9,1.4,14.2,,,0.4,8.6,,,,,0.6,11.6,,,0.4,5.3,-0.3,6.8
293,31/01/2001,0.9,13.5,0.9,11.5,1.6,19.8,0.8,13.6,,,1.1,9.2,,,,,1.0,11.5,,,1.2,6.2,0.9,6.6
294,28/02/2001,1.1,13.2,1.0,11.3,1.5,19.0,1.0,13.8,,,1.3,9.2,,,,,1.2,11.4,,,1.4,7.3,0.9,6.6
295,31/03/2001,1.0,12.7,1.2,11.6,0.8,16.7,0.6,12.7,,,0.0,8.6,,,,,0.5,10.8,,,0.7,7.7,0.4,6.8
296,30/04/2001,1.0,12.5,0.9,11.7,1.2,15.7,0.8,12.1,,,-0.2,7.8,,,,,0.5,10.3,,,-0.1,6.8,-0.3,5.7
297,31/05/2001,1.3,12.6,1.3,12.0,1.3,15.0,0.6,11.5,,,0.7,7.3,,,,,0.9,10.0,,,1.2,7.3,1.1,6.0
298,30/06/2001,1.2,12.5,1.2,12.0,1.3,14.7,0.7,10.7,,,0.0,6.4,,,,,0.6,9.5,,,1.7,8.2,1.4,6.4
299,31/07/2001,1.2,12.6,1.4,12.8,1.1,13.5,1.1,11.6,,,-0.9,4.7,,,,,0.3,8.9,,,-0.5,7.0,-0.7,4.9
300,31/08/2001,1.4,13.2,1.5,13.5,1.1,13.7,0.2,11.3,,,0.0,3.7,,,,,0.7,8.7,,,1.5,7.8,0.3,4.8
301,30/09/2001,1.3,13.7,1.5,14.5,1.2,13.5,0.1,10.9,,,0.2,3.4,,,,,0.7,8.7,,,2.0,9.6,1.5,5.9
302,31/10/2001,1.5,14.5,1.6,15.4,1.4,14.0,0.6,10.4,,,-0.3,2.3,,,,,0.6,8.5,,,1.8,10.8,1.8,6.6
303,30/11/2001,1.5,15.2,1.6,15.9,1.5,14.9,0.6,9.0,,,0.6,3.0,,,,,1.1,9.0,,,1.4,13.5,0.1,7.5
304,31/12/2001,1.5,16.1,1.7,17.0,0.9,15.7,1.0,8.5,,,-0.4,2.2,,,,,0.6,9.0,,,0.8,14.0,0.6,8.4
305,31/01/2002,1.8,17.1,2.0,18.2,2.1,16.2,0.4,8.1,,,-0.2,0.9,,,,,0.8,8.9,,,1.1,13.9,0.6,8.0
306,28/02/2002,1.4,17.5,1.1,18.4,1.9,16.7,0.7,7.7,,,0.5,0.1,,,,,1.0,8.6,,,0.5,12.9,0.4,7.5
307,31/03/2002,1.3,17.8,1.3,18.4,1.7,17.8,1.2,8.3,,,0.4,0.5,,,,,0.9,9.0,,,0.9,13.1,1.5,8.6
308,30/04/2002,1.4,18.2,1.2,18.7,1.7,18.4,0.5,8.0,,,0.6,1.3,,,,,1.0,9.6,,,1.1,14.5,0.2,9.2
309,31/05/2002,1.2,18.1,1.0,18.3,1.8,19.1,1.3,8.7,,,0.1,0.8,,,,,0.7,9.4,,,0.6,13.8,0.5,8.5
310,30/06/2002,1.1,18.0,1.0,18.1,1.3,19.1,1.3,9.3,,,1.0,1.8,,,,,1.1,9.9,,,-0.7,11.2,0.1,7.2
311,31/07/2002,1.8,18.7,1.6,18.3,2.4,20.6,0.1,8.2,,,0.6,3.3,,,,,1.1,10.8,,,1.9,13.8,1.2,9.2
312,31/08/2002,1.4,18.6,1.1,17.9,2.1,21.7,1.2,9.2,,,0.1,3.3,,,,,0.9,11.0,,,1.1,13.4,1.2,10.2
313,30/09/2002,1.8,19.2,1.6,18.0,2.2,22.9,1.3,10.6,,,1.6,4.8,,,,,1.6,12.0,,,0.4,11.7,0.4,9.1
314,31/10/2002,1.1,18.8,0.9,17.3,1.7,23.3,0.3,10.2,,,-0.5,4.5,,,,,0.4,11.7,,,0.7,10.4,1.0,8.2
315,30/11/2002,1.2,18.4,0.9,16.4,1.8,23.7,0.9,10.6,,,0.5,4.4,,,,,0.9,11.5,,,1.1,10.1,1.0,9.2
316,31/12/2002,1.5,18.4,1.3,15.9,2.3,25.4,0.2,9.7,,,0.3,5.1,,,,,0.8,11.8,,,1.0,10.3,0.7,9.4
317,31/01/2003,1.1,17.6,0.8,14.6,1.5,24.8,0.9,10.3,,,0.9,6.3,,,,,1.0,12.0,,,1.2,10.3,1.1,9.9
318,28/02/2003,1.3,17.5,1.1,14.6,1.7,24.6,1.2,10.8,,,0.7,6.5,,,,,1.1,12.1,,,0.7,10.6,0.6,10.0
319,31/03/2003,1.5,17.7,1.2,14.6,2.3,25.3,1.1,10.8,,,1.6,7.8,,,,,1.5,12.8,,,1.1,10.8,0.5,9.0
320,30/04/2003,1.5,17.8,1.9,15.4,2.4,26.0,1.9,12.3,,,-0.3,6.8,,,,,0.8,12.6,,,0.9,10.6,1.8,10.8
321,31/05/2003,1.5,18.3,1.2,15.7,2.2,26.5,1.5,12.6,0.1,,0.2,6.9,,,0.9,,1.0,12.9,,,1.8,11.8,1.3,11.6
322,30/06/2003,1.8,19.1,1.5,16.2,2.5,28.0,1.1,12.4,0.8,,0.6,6.4,,,1.3,,1.3,13.1,,,0.6,13.2,0.3,11.8
323,31/07/2003,1.6,18.9,1.3,15.9,2.3,27.9,1.4,13.8,0.8,,1.1,6.9,,,1.5,,1.4,13.4,,,0.0,11.1,0.5,11.1
324,31/08/2003,1.4,19.0,1.2,16.0,2.0,27.8,0.6,13.2,0.3,,0.6,7.4,,,0.9,,1.1,13.6,,,2.3,12.3,1.9,11.8
325,30/09/2003,2.0,19.2,1.5,15.9,2.8,28.6,1.6,13.5,0.6,,0.7,6.6,,,1.4,,1.4,13.4,,,1.2,13.3,1.5,12.9
326,31/10/2003,1.8,20.0,1.5,16.6,2.5,29.7,1.1,14.3,0.6,,0.7,7.9,,,1.3,,1.3,14.5,,,0.9,13.6,-0.2,11.6
327,30/11/2003,1.7,20.7,1.5,17.3,2.3,30.2,0.5,13.9,1.1,,1.1,8.5,,,1.3,,1.4,15.0,,,0.8,13.2,0.7,11.2
328,31/12/2003,1.7,20.9,1.4,17.4,2.1,30.1,0.9,14.6,0.8,,0.8,9.0,,,1.3,,1.3,15.5,,,1.2,13.5,1.3,11.9
329,31/01/2004,1.6,21.5,1.5,18.1,2.2,31.0,1.0,14.8,0.5,,0.6,8.6,,,1.2,,1.2,15.7,,,0.3,12.4,0.5,11.3
330,29/02/2004,1.6,21.7,1.3,18.4,2.0,31.3,1.1,14.8,-0.4,,-0.4,7.4,,,1.1,,0.8,15.4,,,1.6,13.4,0.9,11.7
331,31/03/2004,1.7,21.9,1.6,18.9,1.8,30.7,1.0,14.6,1.0,,0.3,6.1,,,1.2,,1.1,14.9,,,1.0,13.2,0.5,11.7
332,30/04/2004,1.3,21.7,1.1,17.9,1.5,29.7,0.5,13.1,0.7,7.2,0.6,7.1,,,1.0,15.4,1.0,15.2,,,0.7,13.0,0.7,10.4
333,31/05/2004,1.3,21.5,1.2,17.9,1.5,28.8,0.7,12.3,0.9,8.0,1.1,8.0,,,1.0,15.5,1.2,15.4,,,0.0,11.0,0.2,9.2
334,30/06/2004,1.2,20.7,1.1,17.4,1.5,27.5,0.7,11.7,1.4,8.6,1.2,8.6,,,1.2,15.4,1.2,15.2,,,1.1,11.6,0.9,9.8
335,31/07/2004,1.3,20.4,1.2,17.3,1.5,26.6,0.7,11.0,0.3,8.0,0.6,8.1,,,1.0,14.9,1.0,14.8,,,0.8,12.6,0.9,10.2
336,31/08/2004,1.1,20.0,1.2,17.4,0.9,25.2,1.5,12.0,1.1,8.9,1.2,8.8,,,1.1,15.1,1.2,15.0,,,0.5,10.6,0.3,8.4
337,30/09/2004,1.5,19.3,1.2,16.9,1.8,24.1,1.0,11.4,0.7,8.9,0.5,8.6,,,1.1,14.8,1.0,14.5,,,0.4,9.7,0.5,7.5
338,31/10/2004,1.2,18.6,1.2,16.7,1.3,22.5,1.4,11.7,0.7,9.0,1.1,8.9,,,1.1,14.5,1.2,14.3,,,0.9,9.7,1.3,9.0
339,30/11/2004,1.3,18.2,1.4,16.6,1.3,21.3,1.3,12.6,0.2,8.0,0.2,8.0,,,0.9,14.0,0.9,13.8,,,1.1,10.0,1.1,9.5
340,31/12/2004,1.4,17.8,1.3,16.5,1.3,20.4,1.5,13.2,0.5,7.7,0.8,8.0,,,1.1,13.8,1.2,13.7,,,0.5,9.2,0.8,8.9
341,31/01/2005,1.0,17.1,1.2,16.2,1.1,19.0,1.0,13.2,1.1,8.3,0.9,8.4,,,1.1,13.6,1.0,13.5,,,0.8,9.8,0.6,9.0
342,28/02/2005,1.0,16.4,0.8,15.5,1.3,18.2,0.7,12.7,1.3,10.2,1.2,10.1,,,1.0,13.5,1.0,13.8,,,0.6,8.8,0.7,8.7
343,31/03/2005,1.0,15.6,1.1,14.9,0.9,17.1,0.9,12.6,0.9,10.0,1.0,10.9,,,1.0,13.3,1.0,13.6,,,0.3,8.0,1.0,9.3
344,30/04/2005,1.1,15.4,1.1,14.9,1.0,16.4,0.8,13.0,1.1,10.4,1.2,11.5,,,1.1,13.4,1.1,13.8,,,0.6,7.9,0.5,9.1
345,31/05/2005,1.0,15.0,1.1,14.8,0.7,15.4,0.5,12.8,1.7,11.3,1.6,12.1,,,1.1,13.5,1.2,13.8,,,1.1,9.0,1.2,10.2
346,30/06/2005,0.9,14.7,1.0,14.7,0.7,14.5,1.3,13.5,0.6,10.4,0.6,11.5,,,0.8,13.1,0.9,13.4,,,1.2,9.1,1.3,10.7
347,31/07/2005,0.8,14.0,0.8,14.2,0.8,13.7,0.8,13.5,0.9,11.1,0.8,11.8,,,0.9,13.0,0.8,13.2,,,0.1,8.4,0.2,9.9
348,31/08/2005,0.9,13.9,1.1,14.1,0.7,13.4,1.0,13.0,1.5,11.5,1.7,12.3,,,1.1,12.9,1.2,13.2,,,0.4,8.2,0.6,10.2
349,30/09/2005,1.0,13.3,1.1,14.0,0.7,12.2,0.9,12.9,1.1,12.0,1.2,13.1,,,1.0,12.8,1.0,13.2,,,0.8,8.7,1.1,10.8
350,31/10/2005,1.1,13.3,1.2,13.9,1.1,12.0,0.6,12.1,1.1,12.5,1.0,13.0,,,1.1,12.9,1.0,13.0,,,-0.1,7.6,-0.6,8.7
351,30/11/2005,1.2,13.1,1.2,13.7,1.2,11.9,0.6,11.2,1.2,13.6,1.2,14.1,,,1.1,13.1,1.1,13.3,,,0.6,7.1,0.9,8.6
352,31/12/2005,1.1,12.7,1.2,13.6,0.6,11.2,0.3,9.9,1.9,15.1,1.8,15.3,,,1.3,13.3,1.3,13.4,,,1.1,7.7,0.9,8.7
353,31/01/2006,1.1,12.8,1.3,13.7,1.0,11.1,0.8,9.7,0.9,14.9,1.3,15.7,,,1.0,13.2,1.2,13.5,,,1.1,8.1,0.8,9.0
354,28/02/2006,1.1,12.9,1.2,14.2,0.8,10.5,1.2,10.2,1.0,14.7,1.4,15.9,,,1.0,13.2,1.2,13.7,,,0.5,8.0,1.0,9.3
355,31/03/2006,0.9,12.8,1.0,14.1,0.7,10.4,0.8,10.0,1.5,15.4,1.5,16.5,,,1.2,13.4,1.1,13.9,,,1.4,9.2,1.4,9.8
356,30/04/2006,1.1,12.9,1.1,14.1,1.3,10.8,0.7,9.9,1.3,15.6,1.6,17.0,,,1.2,13.5,1.3,14.1,,,2.0,10.7,1.2,10.4
357,31/05/2006,1.3,13.3,1.3,14.2,1.3,11.5,0.7,10.0,1.4,15.2,1.3,16.7,,,1.3,13.7,1.3,14.2,,,0.5,10.1,0.7,9.9
358,30/06/2006,1.2,13.7,1.4,14.6,1.1,11.9,1.0,9.7,0.7,15.3,0.7,16.8,,,1.0,13.9,1.0,14.4,,,0.9,9.7,0.8,9.4
359,31/07/2006,1.3,14.2,1.4,15.4,0.9,12.0,1.1,10.0,1.6,16.2,1.7,17.8,,,1.5,14.5,1.4,15.1,,,1.0,10.6,0.8,10.1
360,31/08/2006,1.1,14.5,1.3,15.6,1.0,12.3,0.9,9.9,0.8,15.5,0.4,16.3,,,1.0,14.4,0.8,14.7,,,1.0,11.3,1.1,10.6
361,30/09/2006,1.0,14.5,1.1,15.6,0.8,12.5,2.1,11.2,1.2,15.5,1.1,16.2,,,1.1,14.5,1.1,14.8,,,0.8,11.3,1.3,10.9
362,31/10/2006,0.9,14.3,1.1,15.5,0.7,12.0,0.1,10.6,1.8,16.4,1.8,17.1,,,1.2,14.7,1.1,14.9,,,1.2,12.8,0.9,12.6
363,30/11/2006,0.8,13.9,0.9,15.1,0.8,11.5,0.7,10.8,0.8,16.0,1.0,16.9,,,0.8,14.4,0.9,14.7,,,0.6,12.8,0.6,12.3
364,31/12/2006,0.9,13.7,0.8,14.7,0.8,11.7,0.9,11.4,1.0,15.0,1.1,16.1,,,0.9,13.9,1.0,14.3,,,1.3,13.0,0.9,12.3
365,31/01/2007,0.9,13.5,1.0,14.4,0.8,11.5,1.2,11.9,1.3,15.4,1.3,16.1,,,1.1,14.0,1.1,14.3,,,0.9,12.8,1.2,12.7
366,28/02/2007,1.0,13.4,1.0,14.2,0.9,11.7,0.9,11.6,1.9,16.4,2.1,16.9,,,1.3,14.2,1.4,14.5,,,1.9,14.3,1.1,12.8
367,31/03/2007,1.0,13.5,1.1,14.3,0.9,11.9,0.9,11.8,1.7,16.6,1.5,16.8,,,1.3,14.4,1.2,14.5,,,1.4,14.4,1.1,12.5
368,30/04/2007,0.9,13.2,1.0,14.2,0.8,11.3,0.6,11.7,1.9,17.4,2.0,17.3,,,1.3,14.5,1.3,14.6,,,1.4,13.7,1.0,12.3
369,31/05/2007,1.1,12.9,1.1,14.0,0.9,10.9,1.5,12.5,1.7,17.7,1.8,17.9,,,1.3,14.5,1.4,14.7,,,1.1,14.4,1.3,12.9
370,30/06/2007,1.3,13.0,1.3,13.9,1.5,11.3,4.2,16.1,1.7,18.9,2.0,19.3,,,1.7,15.3,1.8,15.5,,,2.5,16.2,2.2,14.6
371,31/07/2007,0.8,12.5,0.8,13.2,0.6,11.0,0.1,15.0,1.0,18.2,1.5,19.1,,,0.9,14.7,1.0,15.1,,,1.5,16.8,1.2,15.0
372,31/08/2007,0.8,12.1,0.9,12.8,0.8,10.8,0.1,14.0,2.1,19.8,2.3,21.4,,,1.2,14.9,1.3,15.6,,,2.0,17.9,2.0,16.0
373,30/09/2007,0.8,11.9,0.9,12.5,0.7,10.7,0.1,11.8,1.9,20.6,1.8,22.2,,,1.1,14.9,1.1,15.6,,,1.5,18.7,0.4,15.0
374,31/10/2007,0.8,11.8,0.8,12.3,0.9,10.9,0.8,12.6,1.2,19.8,1.3,21.6,,,1.1,14.7,1.0,15.5,,,2.8,20.5,2.8,17.1
375,30/11/2007,0.9,11.9,1.0,12.3,0.8,10.9,1.7,13.6,2.2,21.4,2.3,23.2,,,1.4,15.4,1.5,16.2,,,2.5,22.8,1.7,18.4
376,31/12/2007,0.8,11.8,0.8,12.4,0.7,10.8,0.9,13.7,1.6,22.1,1.8,24.1,,,1.1,15.6,1.2,16.5,,,1.3,22.9,1.5,19.1
377,31/01/2008,0.8,11.7,0.9,12.2,0.6,10.6,-0.2,12.0,1.3,22.2,1.1,23.8,,,0.9,15.4,0.9,16.2,,,1.3,23.4,1.0,18.9
378,29/02/2008,0.8,11.5,0.8,12.0,0.7,10.4,0.3,11.4,0.9,21.0,0.7,22.1,,,0.9,15.0,0.7,15.4,,,0.8,22.1,0.5,18.1
379,31/03/2008,0.7,11.2,0.8,11.8,0.5,9.9,-0.2,10.2,1.1,20.3,1.1,21.6,,,0.6,14.3,0.8,15.0,,,1.0,21.6,0.7,17.7
380,30/04/2008,0.7,10.9,0.8,11.6,0.4,9.5,-0.1,9.4,0.7,18.8,0.3,19.5,,,0.7,13.6,0.5,14.0,,,0.7,20.8,0.6,17.2
381,31/05/2008,0.6,10.4,0.6,11.1,0.5,9.0,0.6,8.4,0.7,17.8,0.5,17.9,,,0.6,12.8,0.5,13.0,,,0.7,20.3,0.9,16.8
382,30/06/2008,0.6,9.6,0.7,10.5,0.4,7.9,-0.7,3.3,0.9,16.9,1.0,16.8,,,0.6,11.6,0.6,11.7,,,-0.2,17.2,-0.4,13.8
383,31/07/2008,0.5,9.2,0.5,10.1,0.3,7.5,-0.6,2.6,0.7,16.6,0.7,15.9,,,0.5,11.2,0.5,11.1,,,2.3,18.1,1.8,14.6
384,31/08/2008,0.4,8.8,0.4,9.6,0.4,7.1,-0.4,2.1,1.0,15.2,0.9,14.3,,,0.5,10.5,0.5,10.3,,,1.1,17.0,0.6,13.0
385,30/09/2008,0.5,8.5,0.6,9.3,0.3,6.7,0.2,2.1,0.9,14.2,1.4,13.8,,,0.6,10.0,0.8,10.0,,,1.4,17.0,1.2,13.9
386,31/10/2008,0.4,8.0,0.5,9.0,0.2,5.9,-1.5,-0.2,1.2,14.2,1.2,13.7,,,0.6,9.5,0.6,9.5,,,1.2,15.2,1.2,12.1
387,30/11/2008,0.5,7.6,0.7,8.8,0.1,5.2,-1.4,-3.2,0.7,12.6,0.6,11.8,,,0.5,8.5,0.4,8.3,,,1.3,13.8,0.8,11.1
388,31/12/2008,0.6,7.3,0.7,8.6,0.2,4.7,-0.9,-5.0,-0.4,10.3,-0.8,9.0,,,0.0,7.3,-0.1,6.9,,,0.7,13.1,0.5,10.0
389,31/01/2009,0.5,7.0,0.6,8.2,0.3,4.4,-0.3,-5.1,0.5,9.4,0.5,8.3,,,0.5,6.8,0.5,6.5,,,1.1,12.9,1.3,10.2
390,28/02/2009,0.4,6.6,0.7,8.0,0.0,3.6,-0.9,-6.3,-0.4,8.0,-0.4,7.2,,,0.0,5.8,0.0,5.7,,,1.5,13.7,1.1,10.9
391,31/03/2009,0.7,6.5,0.9,8.1,0.2,3.3,-0.6,-6.7,-0.7,6.1,-0.8,5.1,,,0.1,5.2,0.0,4.8,,,-0.1,12.5,0.1,10.3
392,30/04/2009,0.6,6.4,0.7,7.9,0.3,3.2,-0.4,-6.9,-0.5,4.8,-0.4,4.4,,,0.1,4.6,0.1,4.5,,,1.2,13.0,1.0,10.8
393,31/05/2009,0.6,6.4,0.7,8.1,0.2,2.9,-0.4,-7.8,-1.1,2.9,-1.0,2.8,,,-0.1,3.9,-0.1,3.8,,,0.8,13.1,0.4,10.1
394,30/06/2009,0.7,6.5,1.0,8.4,0.3,2.7,0.1,-7.1,-0.6,1.3,-0.7,1.2,,,0.2,3.4,0.1,3.3,,,0.8,14.2,0.8,11.5
395,31/07/2009,0.6,6.7,0.6,8.6,0.4,2.8,0.1,-6.4,-0.7,-0.1,-0.6,-0.2,,,0.1,3.1,0.1,2.9,,,0.4,12.1,0.1,9.6
396,31/08/2009,0.7,6.9,0.9,9.0,0.3,2.8,0.5,-5.6,0.0,-1.1,-0.4,-1.5,,,0.4,2.9,0.2,2.6,,,0.2,11.2,0.0,8.9
397,30/09/2009,0.7,7.1,0.8,9.2,0.6,3.0,0.2,-5.5,-1.1,-3.0,-1.1,-3.9,,,0.0,2.3,0.0,1.7,,,0.0,9.6,-0.3,7.3
398,31/10/2009,0.7,7.5,0.8,9.5,0.6,3.5,0.4,-3.7,-0.8,-5.0,-0.8,-5.8,,,0.2,1.9,0.1,1.3,,,-0.1,8.2,0.0,6.1
399,30/11/2009,0.7,7.6,0.6,9.3,0.8,4.2,0.4,-2.0,-1.4,-6.9,-1.2,-7.5,,,-0.1,1.3,0.0,0.8,,,-0.3,6.5,-0.2,5.0
400,31/12/2009,0.6,7.7,0.6,9.3,0.5,4.5,0.8,-0.2,0.5,-6.0,0.2,-6.6,,,0.6,1.9,0.5,1.4,,,-0.1,5.7,-0.1,4.4
401,31/01/2010,0.6,7.8,0.6,9.3,0.7,4.9,0.4,0.4,-0.2,-6.7,-0.2,-7.2,,,0.3,1.8,0.4,1.3,,,0.3,4.9,0.2,3.3
402,28/02/2010,0.7,8.1,0.7,9.3,0.8,5.8,0.2,1.5,-0.2,-6.5,0.0,-6.9,,,0.3,2.1,0.3,1.7,,,0.9,4.3,1.0,3.3
403,31/03/2010,0.8,8.2,0.7,9.1,0.8,6.4,0.1,2.3,-0.1,-6.0,-0.1,-6.2,,,0.4,2.5,0.4,2.1,,,1.3,5.7,0.9,4.1
404,30/04/2010,0.5,8.2,0.5,8.8,0.7,6.9,0.4,3.2,-0.4,-5.9,-0.4,-6.1,,,0.2,2.6,0.2,2.2,,,0.0,4.4,0.1,3.1
405,31/05/2010,0.6,8.2,0.6,8.7,0.6,7.3,-0.4,3.1,0.2,-4.6,0.3,-4.9,,,0.4,3.2,0.5,2.8,,,0.6,4.2,0.3,3.1
406,30/06/2010,0.5,8.0,0.5,8.1,0.7,7.8,0.0,3.0,0.1,-3.9,0.1,-4.1,,,0.3,3.3,0.3,3.0,,,0.7,4.1,0.9,3.2
407,31/07/2010,0.5,8.0,0.5,8.0,0.5,7.9,0.2,3.2,-0.3,-3.5,-0.3,-3.9,,,0.3,3.5,0.2,3.1,,,1.0,4.7,0.8,4.0
408,31/08/2010,0.6,7.9,0.6,7.7,0.7,8.4,-0.1,2.5,-0.4,-3.9,-0.5,-3.9,,,0.2,3.3,0.2,3.0,,,0.7,5.1,0.7,4.7
409,30/09/2010,0.5,7.6,0.5,7.3,0.5,8.3,0.5,2.8,-0.5,-3.3,-0.7,-3.5,,,0.1,3.4,0.0,3.1,,,0.7,5.9,0.6,5.6
410,31/10/2010,0.5,7.4,0.5,7.0,0.6,8.3,0.0,2.5,-0.2,-2.7,-0.2,-2.9,,,0.3,3.5,0.2,3.3,,,1.0,7.1,0.7,6.3
411,30/11/2010,0.5,7.2,0.5,6.9,0.5,7.9,0.3,2.4,0.0,-1.4,-0.1,-1.8,,,0.3,3.8,0.3,3.6,,,1.4,8.9,1.2,7.7
412,31/12/2010,0.6,7.2,0.6,6.8,0.5,7.9,-0.3,1.3,-0.2,-2.1,-0.1,-2.2,,,0.3,3.5,0.3,3.4,,,0.7,9.7,0.5,8.4
413,31/01/2011,0.5,7.1,0.5,6.8,0.5,7.7,0.1,0.9,-0.1,-2.0,-0.3,-2.2,,,0.3,3.5,0.3,3.3,,,0.7,10.1,0.3,8.4
414,28/02/2011,0.4,6.8,0.5,6.6,0.4,7.3,0.0,0.8,0.5,-1.3,0.6,-1.6,,,0.4,3.6,0.4,3.4,,,0.8,10.0,0.9,8.3
415,31/03/2011,0.4,6.5,0.4,6.2,0.4,6.9,0.3,1.0,0.6,-0.6,0.7,-0.8,,,0.5,3.7,0.5,3.5,,,0.7,9.4,0.6,7.9
416,30/04/2011,0.4,6.3,0.5,6.3,0.3,6.4,0.0,0.7,-0.3,-0.5,-0.7,-1.1,,,0.1,3.6,0.0,3.3,,,0.5,9.9,0.4,8.2
417,31/05/2011,0.5,6.2,0.5,6.2,0.4,6.2,0.0,1.1,-0.1,-0.8,-0.2,-1.6,,,0.3,3.4,0.3,3.1,,,0.4,9.8,0.6,8.5
418,30/06/2011,0.4,6.1,0.5,6.1,0.4,5.9,-0.5,0.7,-0.5,-1.5,-0.9,-2.6,,,0.1,3.1,-0.2,2.6,,,-0.2,8.7,-0.3,7.2
419,31/07/2011,0.5,6.0,0.5,6.1,0.5,5.8,-0.2,0.2,0.3,-0.9,0.2,-2.1,,,0.4,3.3,0.3,2.7,,,0.9,8.6,0.8,7.2
420,31/08/2011,0.4,5.8,0.5,6.1,0.4,5.4,-0.7,-0.4,0.3,-0.1,0.1,-1.4,,,0.3,3.4,0.3,2.8,,,1.3,9.3,1.3,7.9
421,30/09/2011,0.5,5.8,0.4,6.0,0.5,5.3,0.2,-0.7,0.6,1.0,0.6,-0.1,,,0.5,3.7,0.5,3.3,,,0.8,9.5,0.9,8.2
422,31/10/2011,0.4,5.7,0.5,6.0,0.3,5.1,-0.1,-0.9,0.1,1.3,0.1,0.2,,,0.3,3.8,0.3,3.3,,,0.5,9.0,0.5,8.0
423,30/11/2011,0.4,5.6,0.4,6.0,0.4,5.0,0.1,-1.1,0.6,1.9,0.4,0.7,,,0.4,3.9,0.4,3.5,,,0.5,8.0,0.5,7.3
424,31/12/2011,0.4,5.4,0.3,5.7,0.4,4.8,-0.2,-0.9,0.2,2.4,0.2,1.0,,,0.3,3.9,0.3,3.4,,,0.9,8.2,0.8,7.5
425,31/01/2012,0.4,5.3,0.5,5.6,0.4,4.7,-0.1,-1.1,-0.2,2.3,-0.2,1.0,,,0.2,3.9,0.2,3.4,,,0.7,8.2,0.7,8.0
426,29/02/2012,0.4,5.3,0.4,5.5,0.5,4.9,0.2,-0.9,0.3,2.0,0.5,0.9,,,0.5,3.9,0.4,3.4,,,0.6,7.9,0.3,7.4
427,31/03/2012,0.4,5.3,0.3,5.4,0.5,5.0,-0.1,-1.4,0.7,2.1,0.7,1.0,,,0.4,3.8,0.5,3.3,,,0.7,7.9,0.7,7.4
428,30/04/2012,0.4,5.2,0.3,5.3,0.5,5.2,-0.1,-1.5,0.8,3.3,0.5,2.2,,,0.5,4.1,0.4,3.7,,,0.2,7.5,0.0,7.0
429,31/05/2012,0.4,5.1,0.3,5.1,0.4,5.2,0.2,-1.3,0.6,4.0,0.6,3.0,,,0.4,4.3,0.5,4.0,,,1.2,8.4,1.2,7.6
430,30/06/2012,0.3,5.0,0.3,4.9,0.4,5.2,-0.3,-1.2,0.4,4.9,0.4,4.4,,,0.3,4.5,0.3,4.4,,,0.6,9.3,0.7,8.7
431,31/07/2012,0.4,4.9,0.3,4.7,0.5,5.2,-0.1,-1.1,0.0,4.5,0.0,4.2,,,0.2,4.3,0.2,4.2,,,0.6,9.0,0.5,8.4
432,31/08/2012,0.4,4.8,0.3,4.5,0.5,5.3,-0.4,-0.8,0.2,4.4,0.4,4.4,,,0.3,4.3,0.3,4.3,,,0.6,8.2,0.6,7.6
433,30/09/2012,0.4,4.7,0.4,4.5,0.4,5.2,0.3,-0.7,0.2,3.9,0.2,4.0,,,0.3,4.1,0.3,4.1,,,0.4,7.7,0.5,7.1
434,31/10/2012,0.3,4.6,0.3,4.3,0.4,5.3,0.2,-0.4,-0.3,3.5,-0.2,3.6,,,0.1,3.9,0.1,4.0,,,0.5,7.7,0.3,6.9
435,30/11/2012,0.4,4.6,0.3,4.2,0.5,5.4,-0.2,-0.7,-0.2,2.7,-0.3,2.9,,,0.2,3.6,0.1,3.7,,,0.4,7.5,0.3,6.7
436,31/12/2012,0.3,4.5,0.2,4.1,0.4,5.5,0.2,-0.3,0.4,2.9,0.5,3.2,,,0.3,3.7,0.4,3.8,,,0.6,7.2,0.6,6.6
437,31/01/2013,0.4,4.4,0.3,3.9,0.5,5.6,-0.1,-0.3,-0.2,2.9,-0.2,3.3,,,0.2,3.6,0.2,3.7,,,0.6,7.2,0.4,6.3
438,28/02/2013,0.4,4.4,0.3,3.8,0.6,5.7,0.2,-0.3,-0.2,2.4,0.0,2.7,,,0.2,3.3,0.2,3.5,,,0.3,6.9,-0.1,5.9
439,31/03/2013,0.4,4.4,0.4,3.9,0.4,5.6,0.1,-0.1,0.1,1.8,0.1,2.0,,,0.3,3.3,0.3,3.3,,,0.7,6.9,0.8,6.0
440,30/04/2013,0.4,4.5,0.4,3.9,0.5,5.6,0.0,0.1,0.2,1.2,0.2,1.7,,,0.3,3.1,0.3,3.3,,,0.6,7.3,0.6,6.7
441,31/05/2013,0.4,4.5,0.4,4.0,0.5,5.7,0.0,-0.1,0.3,0.9,0.2,1.3,,,0.3,3.0,0.4,3.1,,,1.0,7.1,0.7,6.2
442,30/06/2013,0.4,4.6,0.3,4.0,0.5,5.8,0.1,0.3,0.6,1.1,0.4,1.3,,,0.4,3.2,0.3,3.2,,,0.1,6.5,0.1,5.5
443,31/07/2013,0.5,4.7,0.4,4.1,0.6,5.9,0.0,0.4,0.2,1.3,0.2,1.5,,,0.4,3.3,0.4,3.4,,,0.4,6.3,0.4,5.4
444,31/08/2013,0.4,4.8,0.3,4.2,0.6,6.1,-0.1,0.8,0.2,1.3,0.2,1.4,,,0.3,3.4,0.3,3.4,,,0.1,5.8,0.1,5.0
445,30/09/2013,0.5,4.9,0.4,4.2,0.6,6.3,0.2,0.7,-0.2,0.9,-0.1,1.0,,,0.2,3.3,0.2,3.3,,,0.7,6.0,0.7,5.2
446,31/10/2013,0.5,5.0,0.3,4.2,0.7,6.6,-0.1,0.4,0.1,1.3,0.0,1.3,,,0.3,3.5,0.3,3.5,,,0.7,6.3,0.7,5.6
447,30/11/2013,0.5,5.2,0.4,4.2,0.8,6.9,0.1,0.7,0.1,1.6,0.2,1.8,,,0.4,3.7,0.4,3.7,,,0.7,6.7,0.5,5.8
448,31/12/2013,0.6,5.4,0.4,4.4,0.8,7.3,0.2,0.7,0.2,1.4,0.3,1.6,,,0.4,3.8,0.5,3.8,,,0.6,6.7,0.6,5.8
449,31/01/2014,0.6,5.6,0.4,4.6,0.8,7.6,0.2,0.9,0.2,1.7,0.0,1.8,,,0.4,4.1,0.4,4.0,,,0.6,6.7,0.6,6.0
450,28/02/2014,0.5,5.8,0.4,4.7,0.7,7.8,-0.1,0.6,0.3,2.2,0.4,2.2,,,0.4,4.3,0.4,4.2,,,0.7,7.1,0.6,6.6
451,31/03/2014,0.5,5.9,0.4,4.7,0.7,8.1,-0.1,0.4,0.4,2.5,0.4,2.6,,,0.4,4.4,0.4,4.4,,,0.3,6.7,0.5,6.3
452,30/04/2014,0.6,6.1,0.5,4.8,0.8,8.4,0.2,0.6,0.2,2.6,0.4,2.7,,,0.5,4.6,0.5,4.6,,,0.7,6.8,0.6,6.3
453,31/05/2014,0.6,6.2,0.4,4.8,0.8,8.7,-0.1,0.4,0.1,2.4,0.3,2.8,,,0.4,4.6,0.5,4.7,,,0.7,6.5,0.8,6.4
454,30/06/2014,0.6,6.4,0.4,4.9,0.8,9.0,0.4,0.7,1.1,2.9,1.0,3.5,,,0.7,4.9,0.7,5.1,,,0.6,6.9,0.6,6.9
455,31/07/2014,0.5,6.5,0.4,4.9,0.8,9.3,0.2,0.9,0.2,2.9,0.2,3.4,,,0.4,5.0,0.4,5.1,,,0.6,7.2,0.6,7.1
456,31/08/2014,0.5,6.6,0.4,5.0,0.8,9.5,0.1,1.1,0.0,2.7,0.1,3.3,,,0.4,5.0,0.4,5.1,,,0.8,8.0,0.7,7.8
457,30/09/2014,0.6,6.8,0.4,5.0,0.9,9.8,0.2,1.1,0.3,3.3,0.3,3.8,,,0.5,5.3,0.5,5.4,,,0.7,8.1,0.6,7.7
458,31/10/2014,0.6,6.9,0.4,5.0,0.9,10.0,0.2,1.4,0.5,3.7,0.6,4.4,,,0.5,5.5,0.6,5.7,,,0.4,7.7,0.6,7.5
459,30/11/2014,0.6,7.0,0.4,5.1,0.9,10.2,0.0,1.3,0.5,4.0,0.4,4.6,,,0.5,5.6,0.5,5.8,,,0.2,7.3,0.2,7.2
460,31/12/2014,0.6,7.0,0.4,5.1,0.9,10.3,0.0,1.1,0.3,4.2,0.4,4.7,,,0.5,5.7,0.5,5.9,,,0.8,7.5,1.0,7.5
461,31/01/2015,0.6,7.0,0.4,5.1,0.9,10.4,0.1,1.0,0.6,4.7,0.8,5.5,,,0.6,5.9,0.6,6.1,,,0.2,7.1,0.2,7.1
462,28/02/2015,0.5,7.1,0.4,5.1,0.8,10.5,-0.1,0.9,0.5,4.8,0.5,5.6,,,0.5,6.0,0.5,6.2,,,1.2,7.6,1.1,7.7
463,31/03/2015,0.6,7.2,0.5,5.2,0.9,10.6,0.3,1.3,0.3,4.8,0.3,5.4,,,0.5,6.0,0.5,6.2,,,0.2,7.5,0.2,7.3
464,30/04/2015,0.6,7.2,0.4,5.1,0.9,10.8,-0.1,1.0,-0.2,4.3,0.0,5.0,,,0.3,5.9,0.3,6.1,,,0.5,7.4,0.6,7.4
465,31/05/2015,0.6,7.2,0.5,5.1,0.8,10.8,0.0,1.2,0.7,5.0,0.6,5.3,,,0.6,6.1,0.6,6.2,,,0.2,6.8,0.1,6.6
466,30/06/2015,0.6,7.3,0.5,5.2,0.8,10.8,0.1,0.9,0.1,4.0,0.2,4.5,,,0.5,5.8,0.5,6.0,,,0.5,6.8,0.7,6.7
467,31/07/2015,0.6,7.4,0.6,5.4,0.7,10.7,-0.1,0.6,0.7,4.5,0.7,5.0,,,0.6,6.0,0.6,6.2,,,0.7,6.8,0.8,7.0
468,31/08/2015,0.6,7.5,0.6,5.6,0.6,10.5,0.1,0.6,0.7,5.2,0.6,5.6,,,0.6,6.3,0.6,6.4,,,0.3,6.2,0.1,6.3
469,30/09/2015,0.6,7.5,0.8,6.0,0.3,9.8,0.0,0.4,1.0,5.9,1.1,6.4,,,0.7,6.5,0.7,6.7,,,0.7,6.2,0.7,6.4
470,31/10/2015,0.6,7.4,0.8,6.4,0.2,9.0,-0.3,-0.1,0.7,6.2,0.9,6.7,,,0.6,6.6,0.6,6.7,,,0.4,6.2,0.4,6.2
471,30/11/2015,0.6,7.5,0.9,6.9,0.1,8.2,0.0,0.0,-0.1,5.6,0.0,6.3,,,0.4,6.4,0.4,6.6,,,0.6,6.6,0.7,6.7
472,31/12/2015,0.5,7.4,0.9,7.4,0.0,7.2,0.0,0.0,0.5,5.8,0.5,6.5,,,0.5,6.4,0.5,6.6,,,0.3,6.0,0.4,6.1
473,31/01/2016,0.5,7.3,0.7,7.8,0.1,6.4,-0.1,-0.2,0.6,5.7,0.6,6.2,,,0.5,6.3,0.5,6.5,,,0.6,6.5,0.6,6.5
474,29/02/2016,0.5,7.3,0.8,8.2,0.1,5.6,-0.1,-0.1,0.7,6.0,0.8,6.6,,,0.7,6.5,0.6,6.6,,,0.4,5.6,0.4,5.8
475,31/03/2016,0.4,7.1,0.6,8.4,0.1,4.7,0.0,-0.5,0.2,5.9,0.3,6.5,,,0.2,6.2,0.3,6.4,,,0.6,6.1,0.7,6.3
476,30/04/2016,0.5,7.0,0.7,8.6,0.2,4.0,0.0,-0.3,0.7,6.9,0.7,7.3,,,0.6,6.5,0.5,6.6,,,0.3,5.8,0.2,5.9
477,31/05/2016,0.5,6.9,0.7,8.9,0.2,3.3,0.0,-0.4,0.2,6.3,0.3,7.1,,,0.4,6.2,0.4,6.5,,,0.5,6.0,0.4,6.2
478,30/06/2016,0.5,6.7,0.6,9.0,0.2,2.7,-0.1,-0.6,-0.5,5.6,-0.1,6.7,,,0.2,5.9,0.3,6.2,,,0.4,5.9,0.4,5.9
479,31/07/2016,0.5,6.6,0.6,9.1,0.3,2.3,-0.2,-0.7,0.5,5.3,0.5,6.4,,,0.4,5.7,0.4,6.1,,,0.8,6.0,0.9,6.0
480,31/08/2016,0.5,6.5,0.6,9.1,0.4,2.1,0.0,-0.8,0.1,4.6,0.1,5.8,,,0.3,5.4,0.3,5.8,,,0.4,6.2,0.4,6.3
481,30/09/2016,0.5,6.4,0.6,8.9,0.4,2.2,-0.1,-0.9,0.2,3.9,0.2,4.9,,,0.4,5.2,0.4,5.5,,,0.3,5.8,0.3,5.9
482,31/10/2016,0.5,6.4,0.5,8.6,0.5,2.6,0.0,-0.7,0.6,3.7,0.6,4.5,,,0.5,5.1,0.5,5.4,,,0.7,6.1,0.6,6.1
483,30/11/2016,0.5,6.3,0.5,8.2,0.5,2.9,-0.1,-0.8,0.5,4.3,0.4,5.0,,,0.5,5.2,0.5,5.4,,,0.8,6.3,0.9,6.3
484,31/12/2016,0.5,6.3,0.5,7.9,0.6,3.6,-0.1,-0.9,1.2,5.0,1.1,5.6,,,0.7,5.5,0.7,5.6,,,1.0,7.0,1.0,7.0
485,31/01/2017,0.5,6.4,0.6,7.7,0.5,4.0,-0.1,-0.9,-0.4,4.1,-0.3,4.6,,,0.2,5.2,0.2,5.4,,,0.6,7.0,0.7,7.1
486,28/02/2017,0.5,6.3,0.6,7.5,0.4,4.3,-0.1,-0.9,-0.1,3.2,-0.1,3.7,,,0.3,4.8,0.3,5.0,,,0.6,7.1,0.5,7.2
487,31/03/2017,0.6,6.5,0.6,7.5,0.4,4.7,-0.2,-1.0,-0.1,2.9,-0.1,3.4,,,0.3,4.9,0.3,5.0,,,0.3,6.7,0.2,6.7
488,30/04/2017,0.5,6.5,0.6,7.4,0.4,4.9,0.0,-1.0,0.4,2.6,0.3,3.0,,,0.5,4.8,0.4,4.9,,,0.9,7.4,0.9,7.5
489,31/05/2017,0.6,6.6,0.7,7.4,0.3,5.1,0.1,-0.9,0.1,2.5,0.2,2.9,,,0.4,4.9,0.5,4.9,,,0.5,7.4,0.4,7.4
490,30/06/2017,0.6,6.6,0.7,7.5,0.3,5.1,-0.2,-0.9,0.8,3.9,1.1,4.2,,,0.6,5.3,0.7,5.4,,,0.7,7.7,0.7,7.8
491,31/07/2017,0.5,6.7,0.7,7.5,0.2,5.0,0.0,-0.8,0.4,3.9,0.4,4.0,,,0.4,5.3,0.4,5.3,,,0.1,6.9,0.1,6.9
492,31/08/2017,0.5,6.6,0.7,7.6,0.2,4.9,-0.2,-1.0,0.2,4.0,0.3,4.2,,,0.4,5.4,0.4,5.4,,,0.3,6.7,0.3,6.8
493,30/09/2017,0.5,6.6,0.6,7.7,0.2,4.6,0.0,-0.9,0.1,4.0,0.1,4.2,,,0.3,5.3,0.3,5.3,,,0.4,6.8,0.3,6.8
494,31/10/2017,0.5,6.5,0.6,7.8,0.2,4.2,-0.1,-1.0,0.1,3.5,0.3,3.9,,,0.3,5.1,0.4,5.2,,,0.4,6.5,0.5,6.7
495,30/11/2017,0.5,6.4,0.6,7.8,0.2,3.9,-0.3,-1.2,0.6,3.6,0.7,4.2,,,0.5,5.1,0.5,5.2,,,0.2,5.9,0.2,6.0
496,31/12/2017,0.5,6.3,0.7,8.0,0.1,3.4,-0.1,-1.2,0.0,2.4,0.0,3.1,,,0.3,4.7,0.3,4.8,,,-0.1,4.7,-0.1,4.8
497,31/01/2018,0.5,6.3,0.6,8.0,0.1,3.0,0.1,-1.0,-0.1,2.6,-0.1,3.3,,,0.3,4.7,0.3,4.9,,,0.3,4.4,0.3,4.4
498,28/02/2018,0.5,6.2,0.7,8.1,0.2,2.7,-0.2,-1.1,0.0,2.8,0.1,3.4,,,0.3,4.7,0.3,4.9,,,0.1,3.9,0.1,3.9
499,31/03/2018,0.5,6.1,0.6,8.1,0.1,2.5,-0.2,-1.2,0.5,3.3,0.4,3.9,,,0.4,4.8,0.4,5.0,,,0.0,3.7,0.0,3.7
500,30/04/2018,0.4,6.0,0.5,8.1,0.1,2.2,-0.2,-1.4,0.4,3.3,0.5,4.0,,,0.4,4.8,0.3,5.0,,,-0.2,2.5,-0.2,2.5
501,31/05/2018,0.4,5.8,0.5,7.9,0.1,2.0,0.0,-1.4,0.1,3.2,0.0,3.8,,,0.3,4.6,0.3,4.7,,,0.2,2.3,0.2,2.3
502,30/06/2018,0.4,5.6,0.6,7.8,0.0,1.6,0.0,-1.3,0.5,2.9,0.5,3.1,,,0.4,4.4,0.4,4.4,,,0.2,1.8,0.2,1.8
503,31/07/2018,0.4,5.5,0.6,7.6,0.1,1.6,-0.1,-1.3,0.5,3.0,0.6,3.4,,,0.4,4.3,0.4,4.4,,,0.2,1.9,0.2,1.9
504,31/08/2018,0.4,5.4,0.5,7.5,0.1,1.5,-0.2,-1.4,0.6,3.3,0.7,3.8,,,0.4,4.4,0.5,4.5,,,0.7,2.3,0.9,2.4
505,30/09/2018,0.4,5.3,0.5,7.3,0.1,1.4,-0.1,-1.4,0.5,3.7,0.7,4.4,,,0.4,4.4,0.4,4.6,,,0.1,2.1,0.0,2.1
506,31/10/2018,0.3,5.1,0.4,7.0,0.0,1.3,-0.3,-1.6,0.5,4.2,0.7,4.8,,,0.3,4.4,0.4,4.6,,,0.3,2.0,0.3,1.9
507,30/11/2018,0.3,4.9,0.4,6.8,0.0,1.1,-0.5,-1.8,0.5,4.1,0.5,4.5,,,0.3,4.3,0.3,4.4,,,0.2,1.9,0.1,1.8
508,31/12/2018,0.3,4.7,0.4,6.5,0.1,1.1,-0.5,-2.2,0.1,4.2,0.3,4.8,,,0.2,4.1,0.2,4.3,,,0.5,2.6,0.5,2.5
509,31/01/2019,0.2,4.4,0.3,6.2,0.0,1.0,-0.6,-2.8,0.1,4.4,0.1,5.1,,,0.2,4.0,0.2,4.3,,,0.5,2.8,0.5,2.6
510,28/02/2019,0.3,4.2,0.4,5.9,0.0,0.8,-0.1,-2.7,0.1,4.5,0.1,5.1,,,0.2,3.9,0.2,4.1,,,0.5,3.3,0.6,3.1
511,31/03/2019,0.2,4.0,0.3,5.6,0.0,0.7,-0.3,-2.8,-0.1,4.0,0.1,4.9,,,0.1,3.6,0.2,3.9,,,0.6,3.9,0.7,3.9
512,30/04/2019,0.3,3.8,0.4,5.5,0.0,0.6,-0.2,-2.9,0.0,3.5,0.0,4.4,,,0.2,3.4,0.1,3.6,,,0.1,4.2,0.1,4.2
513,31/05/2019,0.2,3.7,0.3,5.3,0.0,0.5,-0.4,-3.2,0.0,3.4,0.1,4.5,,,0.1,3.2,0.2,3.6,,,0.0,4.0,0.1,4.1
514,30/06/2019,0.2,3.4,0.3,4.9,0.0,0.5,-0.3,-3.5,0.0,2.9,0.0,4.0,,,0.1,2.9,0.1,3.3,,,0.0,3.8,0.0,3.9
515,31/07/2019,0.2,3.2,0.2,4.6,0.1,0.5,0.0,-3.4,0.2,2.7,,,,,0.2,2.7,,,,,0.3,3.9,0.4,4.1
516,31/08/2019,0.2,3.1,0.4,4.4,-0.1,0.4,-0.4,-3.6,0.4,2.4,,,0.5,,0.2,2.5,,,0.3,,0.2,3.5,0.3,3.6
517,30/09/2019,0.3,3.0,0.5,4.5,-0.1,0.1,-0.7,-4.3,0.4,2.3,,,0.4,,0.3,2.3,,,0.3,,0.3,3.7,0.3,3.8
518,31/10/2019,0.3,3.0,0.5,4.6,0.0,0.1,-0.7,-4.6,0.1,1.9,,,0.1,,0.2,2.2,,,0.2,,0.5,3.9,0.5,4.1
519,30/11/2019,0.3,3.0,0.5,4.6,0.0,0.0,-0.9,-5.0,0.2,1.6,,,0.2,,0.2,2.1,,,0.2,,0.5,4.2,0.4,4.4
520,31/12/2019,0.3,3.0,0.4,4.7,0.0,-0.1,-0.5,-4.9,0.1,1.6,,,0.1,,0.2,2.1,,,0.2,,0.4,4.0,0.2,4.1
521,31/01/2020,0.3,3.1,0.5,4.8,0.0,0.0,-0.7,-5.0,0.4,1.9,,,0.4,,0.3,2.2,,,0.3,,0.4,4.0,0.4,4.1
522,29/02/2020,0.3,3.1,0.4,4.8,0.1,0.0,-0.6,-5.5,0.4,2.1,,,0.4,,0.3,2.3,,,0.3,,0.5,3.9,0.6,4.1
523,31/03/2020,0.3,3.2,0.5,5.0,-0.1,-0.1,-1.6,-6.7,3.3,5.5,,,2.6,,1.0,3.3,,,0.9,,2.8,6.2,2.8,6.3
524,30/04/2020,0.3,3.2,0.5,5.2,-0.2,-0.3,-3.4,-9.7,0.1,5.7,,,0.1,,0.0,3.1,,,0.0,,3.0,9.2,3.0,9.3
525,31/05/2020,0.2,3.1,0.4,5.2,-0.1,-0.4,-1.2,-10.4,-0.9,4.8,,,-0.8,,-0.2,2.8,,,-0.2,,0.1,9.3,0.2,9.4
526,30/06/2020,0.2,3.1,0.3,5.2,-0.1,-0.5,-0.7,-10.8,-0.9,3.8,,,-0.9,,-0.2,2.5,,,-0.2,,0.8,10.2,0.8,10.3
527,31/07/2020,0.2,3.1,0.4,5.4,0.0,-0.6,-1.5,-12.1,-0.5,3.0,,,-0.4,2.7,-0.1,2.2,,,0.0,2.1,0.9,10.8,0.8,10.8
528,31/08/2020,0.2,3.2,0.4,5.4,0.0,-0.5,-1.1,-12.6,-0.5,2.1,,,-0.3,1.9,0.0,1.9,,,0.0,1.8,1.1,11.8,1.1,11.6
529,30/09/2020,0.4,3.3,0.5,5.4,0.1,-0.3,-1.0,-12.9,-0.6,1.1,,,-0.5,1.0,0.0,1.7,,,0.0,1.6,0.7,12.2,0.7,12.1
530,31/10/2020,0.3,3.3,0.4,5.3,0.1,-0.2,-0.7,-12.9,-0.1,0.9,,,-0.2,0.7,0.1,1.6,,,0.1,1.5,0.6,12.3,0.6,12.1
531,30/11/2020,0.4,3.4,0.5,5.4,0.1,-0.1,-0.6,-12.7,-0.4,0.2,,,-0.4,0.1,0.1,1.5,,,0.1,1.4,0.7,12.5,0.6,12.4
532,31/12/2020,0.4,3.6,0.6,5.6,0.1,0.0,-0.2,-12.5,0.3,0.4,,,0.2,0.2,0.4,1.7,,,0.3,1.6,0.5,12.6,0.4,12.5
533,31/01/2021,0.4,3.7,0.6,5.7,0.2,0.1,-0.6,-12.4,0.0,0.0,,,0.1,-0.1,0.3,1.6,,,0.3,1.6,0.5,12.7,0.5,12.6
534,28/02/2021,0.5,3.9,0.6,6.0,0.2,0.2,-0.5,-12.4,0.0,-0.3,,,0.1,-0.3,0.3,1.6,,,0.3,1.6,0.5,12.7,0.4,12.5
535,31/03/2021,0.6,4.1,0.8,6.2,0.1,0.5,0.2,-10.8,0.5,-3.0,,,0.5,-2.4,0.5,1.1,,,0.5,1.2,0.1,9.8,0.1,9.6
536,30/04/2021,0.5,4.4,0.7,6.4,0.2,0.8,-0.3,-7.8,-0.1,-3.1,,,-0.1,-2.6,0.3,1.4,,,0.3,1.5,0.3,7.0,0.4,6.8
537,31/05/2021,0.6,4.8,0.8,6.8,0.3,1.2,0.2,-6.5,0.4,-1.9,,,0.4,-1.4,0.5,2.1,,,0.5,2.2,0.1,6.9,0.1,6.8
538,30/06/2021,0.7,5.4,0.8,7.4,0.3,1.6,-0.4,-6.3,1.2,0.1,,,1.3,0.7,0.8,3.1,,,0.8,3.3,1.5,7.7,1.7,7.7
539,31/07/2021,0.7,5.8,0.8,7.9,0.3,2.0,-1.1,-5.9,0.8,1.4,,,0.9,2.0,0.6,3.9,,,0.7,4.0,1.1,7.9,1.0,7.9
540,31/08/2021,0.6,6.2,0.7,8.3,0.4,2.3,-0.8,-5.6,0.8,2.7,,,0.8,3.1,0.6,4.5,,,0.6,4.6,0.5,7.3,0.4,7.3
541,30/09/2021,0.7,6.5,0.7,8.5,0.5,2.7,-0.8,-5.4,0.4,3.8,,,0.5,4.1,0.5,5.1,,,0.5,5.1,1.4,8.1,1.5,8.2
542,31/10/2021,0.6,6.8,0.7,8.8,0.4,3.0,0.1,-4.6,0.4,4.2,,,0.3,4.6,0.5,5.4,,,0.4,5.5,0.7,8.2,0.7,8.3
543,30/11/2021,0.7,7.1,0.7,9.0,0.6,3.6,0.5,-3.6,1.6,6.3,,,1.5,6.6,1.0,6.3,,,1.0,6.4,0.7,8.3,0.7,8.3
544,31/12/2021,0.7,7.5,0.8,9.2,0.6,4.2,-0.3,-3.7,1.2,7.3,,,1.2,7.6,0.8,6.9,,,0.8,7.0,1.4,9.3,1.4,9.4
545,31/01/2022,0.7,7.7,0.7,9.4,0.6,4.6,-0.5,-3.6,0.8,8.2,,,0.7,8.2,0.7,7.3,,,0.6,7.3,-0.1,8.6,0.0,8.8
546,28/02/2022,0.6,7.9,0.7,9.4,0.6,5.0,0.1,-3.0,0.9,9.1,,,0.8,9.0,0.7,7.7,,,0.7,7.7,0.4,8.6,0.4,8.8
547,31/03/2022,0.6,8.0,0.6,9.3,0.6,5.4,0.0,-3.2,0.8,9.4,,,0.7,9.2,0.7,7.8,,,0.6,7.8,0.7,9.2,0.8,9.4
548,30/04/2022,0.6,8.0,0.6,9.1,0.6,5.9,0.5,-2.5,1.1,10.7,,,1.2,10.7,0.7,8.3,,,0.8,8.3,0.6,9.5,0.6,9.6
549,31/05/2022,0.6,8.0,0.6,8.9,0.6,6.2,-0.1,-2.8,1.4,11.8,,,1.4,11.8,0.8,8.6,,,0.8,8.7,0.8,10.2,0.8,10.3
550,30/06/2022,0.6,7.9,0.6,8.7,0.6,6.4,-0.3,-2.7,1.4,12.0,,,1.3,11.9,0.8,8.7,,,0.8,8.7,1.2,9.9,1.4,10.0
551,31/07/2022,0.5,7.7,0.5,8.4,0.4,6.5,0.0,-1.6,1.1,12.3,,,1.2,12.2,0.7,8.7,,,0.7,8.7,0.4,9.2,0.4,9.3
552,31/08/2022,0.5,7.6,0.6,8.2,0.4,6.5,0.0,-0.8,0.9,12.4,,,1.0,12.4,0.6,8.7,,,0.6,8.8,0.3,9.0,0.2,9.1
553,30/09/2022,0.4,7.4,0.5,8.0,0.3,6.3,-0.2,-0.2,1.4,13.5,,,1.3,13.3,0.7,8.9,,,0.7,8.9,-0.1,7.4,0.0,7.6
554,31/10/2022,0.4,7.2,0.5,7.8,0.2,6.1,0.2,-0.1,0.6,13.8,,,0.7,13.7,0.5,8.9,,,0.5,8.9,0.8,7.5,0.8,7.7
555,30/11/2022,0.4,6.9,0.4,7.5,0.3,5.8,0.1,-0.6,0.6,12.7,,,0.5,12.6,0.4,8.3,,,0.4,8.4,0.5,7.3,0.5,7.4
556,31/12/2022,0.3,6.5,0.4,7.0,0.2,5.4,-0.2,-0.5,0.5,11.9,,,0.3,11.6,0.4,7.8,,,0.3,7.8,0.5,6.3,0.6,6.5
557,31/01/2023,0.3,6.1,0.4,6.7,0.2,4.9,0.1,0.2,0.5,11.6,,,0.6,11.5,0.4,7.5,,,0.4,7.6,0.6,7.0,0.7,7.3
558,28/02/2023,0.4,5.8,0.4,6.4,0.3,4.6,0.0,0.1,0.6,11.2,,,0.4,11.1,0.4,7.2,,,0.4,7.2,0.1,6.7,0.0,6.9
559,31/03/2023,0.3,5.5,0.3,6.1,0.2,4.3,-0.3,-0.3,0.2,10.6,,,0.1,10.4,0.3,6.8,,,0.2,6.8,0.5,6.5,0.5,6.7
560,30/04/2023,0.3,5.2,0.4,5.8,0.2,3.9,0.1,-0.6,1.1,10.6,,,1.1,10.3,0.5,6.6,,,0.6,6.6,0.3,6.1,0.3,6.4
561,31/05/2023,0.3,4.9,0.4,5.6,0.1,3.5,0.4,-0.2,0.6,9.7,,,0.6,9.4,0.4,6.2,,,0.4,6.1,0.3,5.6,0.3,5.9
562,30/06/2023,0.3,4.7,0.4,5.4,0.2,3.2,0.1,0.3,0.1,8.3,,,0.1,8.1,0.2,5.6,,,0.2,5.6,-0.1,4.2,-0.1,4.4
563,31/07/2023,0.3,4.5,0.3,5.2,0.2,3.0,0.4,0.6,0.4,7.6,,,0.5,7.3,0.3,5.3,,,0.4,5.2,0.3,4.0,0.2,4.1
564,31/08/2023,0.3,4.3,0.4,4.9,0.2,2.9,0.7,1.2,0.7,7.4,,,0.7,7.1,0.5,5.1,,,0.5,5.0,0.6,4.3,0.7,4.6
565,30/09/2023,0.4,4.2,0.4,4.9,0.2,2.8,0.4,1.9,0.8,6.8,,,0.8,6.6,0.5,4.9,,,0.5,4.9,0.6,5.1,0.5,5.1
566,31/10/2023,0.4,4.2,0.4,4.8,0.3,2.9,0.2,1.9,0.4,6.5,,,0.4,6.3,0.4,4.8,,,0.4,4.8,0.3,4.6,0.3,4.6
567,30/11/2023,0.4,4.2,0.4,4.8,0.3,2.9,-0.1,1.8,0.5,6.5,,,0.5,6.2,0.4,4.8,,,0.4,4.7,0.6,4.6,0.7,4.7
568,31/12/2023,0.4,4.2,0.4,4.8,0.3,2.9,-0.3,1.7,0.5,6.5,,,0.5,6.4,0.4,4.8,,,0.4,4.8,0.7,4.8,0.7,4.9
569,31/01/2024,0.4,4.2,0.4,4.8,0.3,3.0,0.5,2.1,0.7,6.7,,,0.8,6.7,0.5,4.9,,,0.5,4.9,0.3,4.5,0.3,4.5
570,29/02/2024,0.4,4.2,0.4,4.8,0.3,3.0,0.3,2.4,0.6,6.8,,,0.7,7.0,0.5,5.0,,,0.5,5.1,0.7,5.1,0.7,5.2
571,31/03/2024,0.4,4.3,0.5,5.0,0.3,3.0,0.3,3.1,0.6,7.3,,,0.7,7.6,0.4,5.2,,,0.5,5.4,0.3,4.9,0.3,4.9
572,30/04/2024,0.5,4.5,0.5,5.1,0.4,3.2,0.2,3.2,0.7,6.9,,,0.6,7.0,0.5,5.2,,,0.5,5.3,0.4,5.0,0.4,5.1
573,31/05/2024,0.4,4.6,0.5,5.2,0.4,3.5,-0.1,2.7,0.4,6.7,,,0.4,6.8,0.4,5.2,,,0.4,5.3,0.3,5.0,0.2,5.0
574,30/06/2024,0.4,4.7,0.5,5.3,0.4,3.6,0.2,2.8,1.0,7.7,,,0.9,7.7,0.6,5.6,,,0.6,5.6,0.2,5.4,0.2,5.3
